id,user,action_link,created
1,kabson0,http://guardian.co.uk/sapien.jsp,2020-05-24T17:59:21Z
2,ssurr1,https://live.com/nulla/integer/pede/justo.jsp,2020-08-02T01:01:40Z
3,hhaggart2,https://abc.net.au/metus/sapien.html,2020-12-31T13:51:45Z
4,mniccols3,http://cafepress.com/nec.aspx,2020-10-10T17:05:34Z
5,msawrey4,http://about.me/pede/venenatis/non/sodales/sed/tincidunt.jsp,2020-07-13T14:10:15Z
6,wgherardini5,http://shinystat.com/quis.jsp,2020-11-02T13:26:12Z
7,fbenito6,https://arizona.edu/integer/aliquet/massa.jpg,2020-04-23T00:28:37Z
8,pgirardez7,http://bbc.co.uk/mi/in/porttitor/pede/justo/eu/massa.json,2020-05-01T07:54:34Z
9,gmaddams8,https://webeden.co.uk/sed/interdum/venenatis/turpis.js,2020-03-15T22:31:45Z
10,csquier9,https://topsy.com/bibendum/morbi/non.js,2020-10-29T03:17:29Z
11,vgutierreza,https://wix.com/ac/lobortis/vel/dapibus.png,2020-11-20T03:48:29Z
12,cfrusherb,http://nymag.com/pede/venenatis.jpg,2020-08-30T22:58:21Z
13,dpallec,https://epa.gov/dui.html,2020-03-11T20:14:00Z
14,svanhaeftend,https://twitpic.com/nullam/varius/nulla/facilisi/cras/non/velit.xml,2021-03-05T01:29:14Z
15,rceeleye,https://ask.com/maecenas/tincidunt/lacus/at.aspx,2020-05-19T12:47:29Z
16,mhallamf,http://berkeley.edu/eros/viverra/eget/congue/eget/semper.js,2020-12-31T04:26:53Z
17,nkennetg,https://webeden.co.uk/est/risus/auctor.js,2020-08-11T21:04:05Z
18,bbrittonerh,http://csmonitor.com/donec/quis/orci/eget/orci/vehicula/condimentum.js,2021-01-16T00:28:41Z
19,wlorenzini,https://macromedia.com/sapien/non/mi.jsp,2020-12-16T16:48:35Z
20,nhounsomej,https://theglobeandmail.com/sem/duis.json,2021-02-22T09:52:59Z
21,lredmorek,http://google.co.uk/quis.aspx,2020-06-20T04:42:00Z
22,alillowl,https://yelp.com/egestas/metus/aenean/fermentum/donec/ut.jsp,2020-05-29T07:50:15Z
23,dprobettsm,http://imgur.com/luctus.jsp,2020-12-01T17:05:25Z
24,rrobardetn,https://newsvine.com/lorem/vitae/mattis/nibh/ligula.js,2020-06-19T05:18:27Z
25,cgrindello,https://archive.org/nec/nisi/volutpat/eleifend.png,2020-03-26T14:07:46Z
26,msnelmanp,https://51.la/malesuada/in/imperdiet/et.jsp,2020-03-14T07:26:25Z
27,trosendaleq,https://dmoz.org/magnis/dis.xml,2020-11-08T12:25:18Z
28,nauchterlonier,http://usgs.gov/mauris/ullamcorper/purus/sit.js,2020-09-08T12:50:49Z
29,pcheziers,http://imdb.com/ipsum/primis/in.jsp,2020-04-19T05:33:41Z
30,vtilbrookt,https://zdnet.com/morbi/ut/odio/cras/mi/pede/malesuada.jpg,2020-09-26T19:47:35Z
31,mspeeksu,https://delicious.com/ac/tellus.json,2020-06-26T01:37:04Z
32,bevertv,http://w3.org/lectus/in/est/risus/auctor.jpg,2020-05-20T21:39:56Z
33,abenezew,http://cyberchimps.com/lectus/in.jsp,2020-10-16T12:22:08Z
34,rstanworthx,https://yellowbook.com/mauris/non.xml,2021-01-15T05:17:03Z
35,cmablesony,https://bravesites.com/nisi/at/nibh/in.html,2020-06-01T10:54:22Z
36,civashkinz,http://istockphoto.com/in/faucibus/orci/luctus/et.aspx,2020-06-21T02:12:15Z
37,jcolcomb10,http://ovh.net/amet.jsp,2020-11-11T05:04:26Z
38,ctidbold11,https://japanpost.jp/aliquet/ultrices/erat/tortor/sollicitudin.png,2020-09-30T14:47:17Z
39,lreidie12,https://sourceforge.net/arcu/sed/augue/aliquam/erat.jpg,2020-04-09T23:27:21Z
40,akingcote13,http://oakley.com/consequat/morbi.aspx,2020-10-01T00:07:11Z
41,colenane14,http://blinklist.com/non.html,2020-03-26T18:59:05Z
42,aphalp15,https://ucla.edu/diam/nam/tristique.png,2020-08-27T22:53:06Z
43,ewimpress16,http://time.com/aliquam/lacus/morbi/quis/tortor.html,2020-03-17T10:45:09Z
44,bgoldup17,http://redcross.org/pretium/iaculis.js,2020-05-03T10:48:10Z
45,mcurnow18,https://wordpress.org/neque.xml,2020-05-19T05:00:51Z
46,bkite19,http://psu.edu/accumsan/felis/ut/at/dolor/quis.html,2020-06-08T13:38:15Z
47,obrammer1a,http://plala.or.jp/in/porttitor.png,2020-07-25T13:59:28Z
48,rtebbett1b,https://ted.com/luctus.jsp,2020-08-20T17:25:36Z
49,sgeeritz1c,http://thetimes.co.uk/suscipit/a/feugiat.jpg,2021-01-22T09:43:56Z
50,tissacson1d,http://amazon.de/vestibulum/velit/id/pretium/iaculis.html,2020-11-01T07:40:11Z
51,cfield1e,https://jimdo.com/duis/faucibus/accumsan/odio/curabitur.html,2020-06-14T19:48:05Z
52,sforward1f,https://blogger.com/orci/eget/orci/vehicula.jpg,2021-02-01T23:26:09Z
53,gruegg1g,http://fotki.com/dolor/vel/est/donec/odio.aspx,2020-12-06T03:59:05Z
54,dbrigshaw1h,https://cnn.com/ultrices/posuere.html,2020-09-19T21:33:13Z
55,rkilgallen1i,https://sun.com/blandit/lacinia/erat/vestibulum.aspx,2020-12-15T07:21:16Z
56,ppauley1j,https://wordpress.com/tempus/semper/est.jpg,2020-08-07T07:10:24Z
57,glagadu1k,https://arizona.edu/ante/vivamus/tortor/duis/mattis/egestas/metus.jsp,2020-08-25T03:06:38Z
58,jdigger1l,https://spotify.com/lacinia/nisi/venenatis.jpg,2020-07-05T22:37:58Z
59,rvedyasov1m,https://youku.com/nisl/duis.jsp,2020-08-08T13:06:10Z
60,nratray1n,https://usnews.com/nullam/varius/nulla/facilisi/cras/non.jsp,2020-05-17T04:14:17Z
61,pberrygun1o,https://ebay.com/interdum/venenatis/turpis/enim/blandit/mi.jsp,2020-07-23T01:17:26Z
62,fvincent1p,https://blog.com/eget/eleifend/luctus/ultricies.png,2021-01-09T16:23:38Z
63,dgusney1q,http://army.mil/ligula/sit.xml,2020-09-13T13:43:56Z
64,acurle1r,http://shareasale.com/velit/id/pretium/iaculis/diam/erat.html,2020-10-15T00:08:30Z
65,ckirgan1s,http://technorati.com/luctus/cum/sociis/natoque/penatibus/et.jpg,2020-09-21T18:23:52Z
66,tkosiada1t,http://yale.edu/faucibus/cursus/urna/ut/tellus/nulla.json,2020-08-10T11:19:45Z
67,cdrohan1u,http://slashdot.org/felis/eu/sapien/cursus.jpg,2020-04-11T00:49:03Z
68,abunker1v,http://paginegialle.it/in/hac/habitasse/platea/dictumst/etiam.js,2020-09-03T16:02:13Z
69,jrodbourne1w,https://hp.com/cubilia/curae/nulla/dapibus/dolor.xml,2020-09-27T03:23:08Z
70,cmatkovic1x,http://ftc.gov/gravida/sem/praesent/id/massa/id.json,2020-09-23T05:37:42Z
71,mhailston1y,https://hibu.com/cum/sociis/natoque/penatibus/et/magnis/dis.jpg,2021-02-06T17:08:23Z
72,dgrieger1z,http://4shared.com/in/ante/vestibulum/ante/ipsum.js,2020-11-06T02:20:51Z
73,bmcnuff20,http://rambler.ru/nascetur/ridiculus/mus/vivamus/vestibulum/sagittis.xml,2020-03-20T22:42:32Z
74,gdowzell21,http://telegraph.co.uk/non/mi/integer/ac/neque.jsp,2020-09-02T05:04:16Z
75,jkeattch22,http://qq.com/quam.aspx,2020-07-13T00:21:22Z
76,cmacmychem23,http://seattletimes.com/faucibus/orci/luctus/et/ultrices/posuere/cubilia.xml,2020-07-27T17:01:41Z
77,aandreichik24,https://adobe.com/curae/mauris.jsp,2020-04-13T07:26:50Z
78,amcalees25,https://csmonitor.com/mattis/odio.js,2020-12-28T11:47:32Z
79,dperigoe26,https://auda.org.au/nunc/viverra/dapibus.json,2020-07-22T11:32:23Z
80,lgreenrde27,https://dell.com/quam/suspendisse/potenti/nullam/porttitor/lacus/at.aspx,2020-04-27T02:05:01Z
81,bleyband28,http://photobucket.com/morbi/sem/mauris.html,2020-04-08T07:03:19Z
82,rleile29,http://privacy.gov.au/sapien.jpg,2021-02-05T05:42:18Z
83,jegentan2a,https://youtu.be/sagittis/sapien/cum.jsp,2020-07-28T04:32:46Z
84,wbenoi2b,https://psu.edu/vestibulum/proin.jpg,2020-12-18T06:13:43Z
85,sbullent2c,http://blog.com/aenean/auctor/gravida/sem/praesent.jpg,2021-02-12T09:20:58Z
86,tvettore2d,http://mozilla.org/vulputate/elementum/nullam.json,2020-07-12T19:46:53Z
87,lhennemann2e,http://diigo.com/aliquam/erat/volutpat.js,2020-04-19T18:03:48Z
88,rrowatt2f,http://facebook.com/integer/aliquet/massa/id.json,2021-02-27T01:26:17Z
89,abascombe2g,http://printfriendly.com/at/velit/vivamus/vel/nulla.jsp,2020-04-10T15:48:27Z
90,ewoollhead2h,https://github.com/tincidunt/eget/tempus/vel/pede.jpg,2020-07-29T18:11:00Z
91,cpidgeley2i,http://toplist.cz/pede/justo/eu.js,2020-12-23T08:12:44Z
92,rberkely2j,http://ehow.com/duis/consequat/dui/nec/nisi/volutpat/eleifend.jsp,2021-02-08T13:33:39Z
93,sjeyness2k,https://weebly.com/eleifend.html,2020-10-17T07:54:13Z
94,jespie2l,https://reddit.com/lectus.html,2021-02-27T19:36:04Z
95,cwingham2m,http://blogspot.com/urna/ut/tellus/nulla/ut/erat/id.html,2021-01-11T23:03:29Z
96,adark2n,http://zdnet.com/suspendisse/potenti/cras/in/purus.png,2020-03-26T08:16:28Z
97,ccrevy2o,https://phoca.cz/tellus/semper.aspx,2020-06-10T14:37:50Z
98,dwylie2p,https://phoca.cz/sem/duis.js,2020-10-11T21:09:50Z
99,sfriatt2q,https://last.fm/ligula/vehicula/consequat/morbi.json,2020-12-08T09:08:18Z
100,fwolfenden2r,http://oracle.com/duis/faucibus.xml,2020-07-10T03:22:06Z
101,tsymonds2s,https://webnode.com/at/velit/eu/est/congue/elementum.html,2020-09-17T07:17:15Z
102,twiggall2t,http://netlog.com/lobortis/vel/dapibus/at/diam/nam/tristique.aspx,2021-01-24T02:46:13Z
103,dwildey2u,https://yellowbook.com/accumsan/odio.js,2020-06-18T13:56:09Z
104,djeggo2v,http://kickstarter.com/purus/phasellus/in.html,2020-05-08T15:05:42Z
105,msides2w,https://narod.ru/nisi/vulputate/nonummy/maecenas/tincidunt/lacus.png,2021-02-25T16:26:23Z
106,mforth2x,https://cnn.com/pede/libero/quis/orci/nullam/molestie/nibh.xml,2020-08-01T11:17:32Z
107,jfraschini2y,https://webmd.com/sed.png,2020-12-08T04:22:45Z
108,sgoodee2z,http://paypal.com/id.js,2020-06-21T09:00:52Z
109,rdeath30,https://eventbrite.com/augue/aliquam/erat/volutpat/in.xml,2020-11-28T07:38:41Z
110,nabell31,http://paginegialle.it/nisi/vulputate/nonummy/maecenas/tincidunt/lacus/at.aspx,2021-01-21T23:06:44Z
111,anolan32,https://cnet.com/leo/maecenas.png,2020-07-24T17:42:25Z
112,asteadman33,https://netlog.com/elit/proin/interdum/mauris/non/ligula.xml,2021-01-19T23:34:03Z
113,pcomelini34,https://cnet.com/eleifend/luctus/ultricies.json,2020-12-25T05:49:04Z
114,lhutley35,https://yandex.ru/nonummy/maecenas.xml,2020-12-21T00:38:38Z
115,opoints36,http://army.mil/in.json,2020-11-13T07:01:39Z
116,hhartropp37,https://indiatimes.com/cubilia/curae/donec/pharetra/magna/vestibulum.js,2020-07-09T04:25:59Z
117,bschutt38,http://about.me/nulla/integer/pede/justo.jpg,2020-11-03T04:15:37Z
118,aaveling39,https://wikimedia.org/sapien/a/libero/nam/dui/proin.xml,2020-11-07T00:33:48Z
119,hbrass3a,http://utexas.edu/vel/pede/morbi/porttitor/lorem/id.html,2020-09-04T10:50:26Z
120,ctaylour3b,https://mayoclinic.com/nulla.xml,2020-05-17T19:59:39Z
121,mthying3c,http://dailymail.co.uk/donec/vitae.xml,2020-07-19T10:45:26Z
122,bdorrance3d,http://wikimedia.org/sed/interdum/venenatis/turpis/enim.xml,2021-02-15T03:49:36Z
123,ccowndley3e,http://bing.com/sit/amet/eleifend/pede/libero/quis.xml,2020-07-01T00:26:08Z
124,bhush3f,https://telegraph.co.uk/morbi/vel.js,2021-01-03T02:22:26Z
125,hlaurand3g,https://yandex.ru/in/tempus.png,2020-11-24T00:15:46Z
126,zrobbs3h,http://qq.com/bibendum/imperdiet/nullam/orci/pede.json,2021-02-06T09:09:56Z
127,edurno3i,http://dell.com/in/hac/habitasse/platea/dictumst.json,2020-08-20T15:12:36Z
128,lsharpous3j,http://kickstarter.com/quis/justo/maecenas/rhoncus/aliquam.js,2020-08-26T11:08:58Z
129,kmarusic3k,http://ucsd.edu/rutrum/at/lorem/integer/tincidunt.xml,2020-10-31T10:03:27Z
130,vlagadu3l,https://sbwire.com/sem.png,2021-02-26T17:08:13Z
131,cdifranceshci3m,https://php.net/ipsum.html,2020-09-27T14:47:42Z
132,bskentelbury3n,http://godaddy.com/maecenas/pulvinar/lobortis/est.aspx,2020-04-17T22:48:27Z
133,dgammidge3o,https://utexas.edu/semper/interdum/mauris/ullamcorper/purus/sit/amet.html,2020-11-12T20:23:36Z
134,azemler3p,http://businessweek.com/suspendisse/ornare.jpg,2020-09-20T04:17:22Z
135,crosindill3q,https://disqus.com/est/donec/odio/justo/sollicitudin.aspx,2021-02-07T13:11:10Z
136,sdani3r,https://goo.gl/pellentesque/eget/nunc/donec.jsp,2020-10-21T09:44:47Z
137,ckeoghan3s,https://icio.us/porttitor/lorem.jsp,2020-09-01T07:57:55Z
138,yelleton3t,https://vistaprint.com/lacinia.xml,2020-05-07T20:48:46Z
139,fwolfers3u,http://ow.ly/non/lectus/aliquam/sit.html,2020-11-11T22:14:14Z
140,feskrigge3v,https://chronoengine.com/ultrices/enim.js,2020-08-03T16:50:21Z
141,jshotter3w,https://dedecms.com/sollicitudin.png,2020-07-06T06:08:35Z
142,coleahy3x,http://sfgate.com/purus/aliquet/at/feugiat/non/pretium/quis.aspx,2020-11-02T05:05:21Z
143,cbraime3y,https://mapy.cz/volutpat/erat/quisque/erat/eros/viverra.js,2020-08-11T02:24:36Z
144,aghost3z,https://tuttocitta.it/nonummy/integer/non.xml,2020-07-13T16:51:12Z
145,tgrimbleby40,https://ft.com/vestibulum/ante/ipsum/primis/in/faucibus.aspx,2020-09-24T09:02:20Z
146,alobb41,http://nationalgeographic.com/aliquam/quis/turpis/eget/elit/sodales.png,2020-11-10T21:04:08Z
147,jbunn42,https://apache.org/justo/sollicitudin/ut.jpg,2021-02-04T21:13:19Z
148,hdebeneditti43,http://upenn.edu/semper/sapien/a/libero/nam/dui/proin.aspx,2020-05-25T21:50:24Z
149,lhussy44,https://ehow.com/ut/erat/curabitur/gravida/nisi/at/nibh.png,2020-08-06T15:01:35Z
150,sfogt45,https://umich.edu/ut.js,2020-09-04T13:30:31Z
151,pleece46,http://umn.edu/ullamcorper/augue.json,2021-01-24T21:03:56Z
152,ggabbidon47,http://berkeley.edu/sed/justo/pellentesque/viverra/pede/ac/diam.jsp,2021-01-06T06:50:34Z
153,cdoale48,http://woothemes.com/natoque.js,2021-03-01T07:48:56Z
154,jashmore49,https://nhs.uk/interdum/in/ante/vestibulum/ante/ipsum.json,2020-07-29T08:38:36Z
155,csmithyman4a,https://slashdot.org/tristique/in/tempus/sit/amet.js,2020-07-14T06:12:51Z
156,gdumbell4b,http://theguardian.com/habitasse/platea.aspx,2020-04-09T04:38:07Z
157,jbigland4c,http://cnet.com/id/nisl/venenatis/lacinia/aenean.json,2020-04-04T01:58:11Z
158,dkerwood4d,https://sciencedaily.com/amet/eleifend/pede/libero/quis/orci.xml,2020-06-16T11:41:44Z
159,ahumpherston4e,https://eepurl.com/pellentesque/eget/nunc/donec/quis.xml,2021-03-09T00:02:26Z
160,nfeavers4f,http://sciencedaily.com/ligula/nec/sem/duis/aliquam/convallis.html,2020-09-28T15:23:45Z
161,hfrondt4g,https://github.com/sagittis/nam/congue/risus.js,2020-04-21T05:40:56Z
162,jviles4h,https://nih.gov/suscipit/ligula/in/lacus/curabitur/at/ipsum.png,2020-07-26T10:32:48Z
163,ogyford4i,https://creativecommons.org/leo/odio/porttitor/id.jsp,2020-11-07T04:32:27Z
164,acashmore4j,http://usda.gov/sapien/placerat/ante/nulla.jsp,2020-06-11T15:46:38Z
165,khalversen4k,http://ameblo.jp/sapien/non/mi/integer/ac/neque/duis.aspx,2020-08-09T15:46:50Z
166,kodde4l,http://cbsnews.com/ornare/imperdiet/sapien/urna/pretium/nisl.aspx,2020-07-05T08:39:10Z
167,ydumbleton4m,http://blogspot.com/sodales/sed/tincidunt/eu/felis/fusce.js,2020-10-29T10:42:56Z
168,idanniel4n,https://rakuten.co.jp/justo/etiam/pretium/iaculis/justo.xml,2020-03-23T21:07:48Z
169,jmacconneely4o,http://squidoo.com/dictumst/morbi/vestibulum/velit/id/pretium/iaculis.html,2020-07-14T01:51:11Z
170,llippitt4p,http://archive.org/lectus/aliquam.aspx,2020-11-12T02:27:46Z
171,lbernakiewicz4q,http://webnode.com/lacus/at/velit/vivamus/vel/nulla/eget.json,2020-08-17T15:36:57Z
172,ldraco4r,https://psu.edu/commodo/placerat/praesent/blandit.png,2020-11-28T20:55:11Z
173,echenery4s,http://ted.com/nulla/ac/enim/in/tempor/turpis/nec.html,2021-02-19T07:57:34Z
174,aayer4t,https://g.co/augue/vel/accumsan/tellus/nisi/eu.aspx,2020-04-30T02:05:39Z
175,ekenion4u,http://csmonitor.com/nascetur/ridiculus/mus/vivamus/vestibulum/sagittis/sapien.aspx,2020-10-14T14:50:04Z
176,aeleshenar4v,http://utexas.edu/velit/vivamus.jpg,2021-01-14T17:04:00Z
177,saudibert4w,https://jugem.jp/maecenas/pulvinar/lobortis/est/phasellus/sit/amet.png,2020-07-27T15:58:09Z
178,kmaywood4x,http://marriott.com/et/eros/vestibulum/ac/est/lacinia/nisi.aspx,2020-04-25T22:58:34Z
179,dfransson4y,http://nps.gov/nisl/duis.aspx,2020-04-23T17:27:39Z
180,lthorneley4z,http://php.net/erat/tortor/sollicitudin/mi/sit/amet.png,2021-02-10T21:04:37Z
181,cburgoin50,http://mysql.com/consequat/dui/nec/nisi/volutpat/eleifend.html,2020-08-03T18:33:10Z
182,wkynge51,http://netvibes.com/felis.js,2020-10-31T03:37:38Z
183,fheffernon52,http://nbcnews.com/vestibulum/eget/vulputate/ut/ultrices/vel/augue.html,2020-10-07T22:17:14Z
184,aschumacher53,https://cloudflare.com/nibh/quisque/id/justo/sit/amet/sapien.jsp,2020-04-25T22:48:59Z
185,aaldhouse54,https://rambler.ru/morbi/non/lectus.js,2021-01-18T01:43:12Z
186,cstearnes55,http://creativecommons.org/id/consequat/in/consequat/ut.json,2020-11-01T22:57:54Z
187,lklassmann56,http://umn.edu/dapibus/nulla/suscipit.xml,2020-05-09T13:24:50Z
188,lhildred57,http://miitbeian.gov.cn/justo/lacinia/eget/tincidunt/eget/tempus.jsp,2021-01-10T02:47:39Z
189,alempel58,http://globo.com/a/pede.aspx,2020-07-23T21:15:19Z
190,dturney59,https://unc.edu/ut/suscipit/a/feugiat.js,2021-01-20T07:33:43Z
191,lstouther5a,https://wunderground.com/luctus/et/ultrices/posuere.png,2020-09-28T02:46:48Z
192,ucraker5b,https://friendfeed.com/et/ultrices/posuere/cubilia.jsp,2020-08-12T09:07:47Z
193,tharflete5c,http://oracle.com/est/et/tempus/semper/est/quam.jsp,2020-05-16T12:36:32Z
194,dhopfer5d,https://gmpg.org/eleifend/pede.jpg,2020-08-04T02:58:31Z
195,jpottage5e,http://cornell.edu/habitasse/platea/dictumst/etiam/faucibus/cursus/urna.png,2020-04-09T09:00:36Z
196,jswayland5f,https://tmall.com/pede/justo/lacinia/eget/tincidunt/eget.js,2020-07-12T11:28:41Z
197,hzink5g,https://wsj.com/dis/parturient/montes/nascetur/ridiculus/mus/etiam.jsp,2020-10-04T04:30:22Z
198,rmcmorran5h,http://paginegialle.it/odio/curabitur.jsp,2020-09-15T01:10:16Z
199,sortler5i,http://baidu.com/quam/nec/dui/luctus/rutrum.html,2020-08-14T03:44:36Z
200,smaylam5j,http://shop-pro.jp/sed/interdum/venenatis/turpis.png,2020-10-27T06:19:28Z
201,dbroggelli5k,https://nhs.uk/consequat/in/consequat/ut/nulla/sed/accumsan.png,2020-05-09T12:26:17Z
202,hcruxton5l,https://hao123.com/morbi/non/quam/nec.html,2020-10-13T17:44:07Z
203,dkitcatt5m,http://redcross.org/rutrum/nulla/nunc/purus/phasellus/in.aspx,2021-01-07T13:16:18Z
204,ymorrant5n,https://ca.gov/aliquam/convallis/nunc/proin/at/turpis.xml,2020-09-02T06:59:29Z
205,cdraycott5o,http://e-recht24.de/duis/consequat/dui/nec.xml,2020-09-01T08:52:21Z
206,hobrian5p,http://tmall.com/in/faucibus/orci/luctus/et/ultrices/posuere.xml,2020-03-20T12:25:31Z
207,apennrington5q,http://addthis.com/in.xml,2021-01-02T13:24:32Z
208,bfulger5r,http://phoca.cz/amet/eleifend.aspx,2020-09-30T19:55:50Z
209,psandaver5s,https://hhs.gov/venenatis/non/sodales/sed/tincidunt/eu.json,2020-09-08T18:47:00Z
210,ochicchelli5t,http://cisco.com/nunc/proin/at/turpis/a/pede.jsp,2021-01-26T03:34:02Z
211,fuzzell5u,https://ca.gov/ac/diam/cras/pellentesque/volutpat.json,2021-02-20T13:10:23Z
212,obracken5v,http://51.la/nibh/fusce.jsp,2020-03-26T15:44:30Z
213,dlafflina5w,https://w3.org/sollicitudin/mi/sit/amet/lobortis/sapien/sapien.xml,2020-10-09T20:30:02Z
214,gwinstone5x,http://timesonline.co.uk/pellentesque/volutpat/dui/maecenas/tristique.jpg,2020-04-10T08:54:11Z
215,fbavridge5y,https://etsy.com/odio/justo.png,2021-01-20T23:21:36Z
216,gmccahill5z,https://instagram.com/ut/tellus/nulla/ut/erat.aspx,2020-03-29T14:02:10Z
217,challwood60,http://opera.com/rhoncus/aliquet/pulvinar.json,2020-04-16T21:14:25Z
218,gspellacy61,https://nytimes.com/nunc/viverra/dapibus/nulla.jsp,2020-12-23T16:18:43Z
219,jandrick62,http://imgur.com/pellentesque/quisque/porta/volutpat/erat.png,2021-01-02T07:54:24Z
220,chinze63,https://vinaora.com/interdum/venenatis/turpis.png,2020-03-20T15:49:40Z
221,jdowdam64,https://abc.net.au/quis/turpis/eget/elit/sodales/scelerisque.js,2020-07-28T19:51:53Z
222,awillcock65,http://reuters.com/dui.js,2020-04-20T17:47:45Z
223,kbraunthal66,https://abc.net.au/curae/donec.png,2020-05-17T15:38:58Z
224,csudran67,http://parallels.com/eget/vulputate/ut.jpg,2020-10-13T18:58:07Z
225,fcurro68,https://telegraph.co.uk/ornare/consequat/lectus/in/est/risus.aspx,2020-06-29T15:31:45Z
226,ikirtley69,https://wunderground.com/ante/ipsum/primis.jpg,2020-03-25T16:59:15Z
227,lmelton6a,https://ox.ac.uk/congue/eget/semper/rutrum/nulla/nunc/purus.jpg,2021-02-05T22:27:34Z
228,bprosek6b,http://facebook.com/et/magnis/dis/parturient/montes.xml,2020-12-19T05:39:57Z
229,ncorss6c,https://amazon.co.uk/convallis/eget.png,2020-07-18T15:33:02Z
230,mrosendall6d,http://sitemeter.com/nulla/facilisi/cras/non/velit.jsp,2020-10-24T14:37:54Z
231,bsweatland6e,https://google.com.br/magnis/dis/parturient/montes/nascetur/ridiculus.xml,2020-08-11T11:28:43Z
232,cdorro6f,http://mapy.cz/dui/proin/leo/odio/porttitor.xml,2020-07-06T06:19:03Z
233,mkittiman6g,https://usda.gov/ipsum/dolor/sit/amet.jsp,2021-01-17T19:00:57Z
234,valesin6h,https://paginegialle.it/erat/quisque/erat.json,2020-12-28T09:46:36Z
235,screswell6i,https://tumblr.com/dapibus/at/diam/nam/tristique/tortor/eu.jsp,2021-01-14T08:31:25Z
236,fclipston6j,https://latimes.com/neque/duis/bibendum.js,2020-08-18T06:49:35Z
237,dmordan6k,https://hugedomains.com/cursus/id/turpis.json,2020-09-20T06:53:30Z
238,dglowach6l,https://1688.com/rhoncus/aliquet/pulvinar/sed/nisl/nunc/rhoncus.aspx,2020-12-23T20:36:46Z
239,tguiet6m,http://ehow.com/cras/mi/pede.png,2020-07-06T09:36:19Z
240,kwidd6n,http://elegantthemes.com/convallis.aspx,2020-10-03T19:26:08Z
241,rlanders6o,http://un.org/ipsum/integer/a/nibh.aspx,2020-07-31T03:34:19Z
242,hpehrsson6p,http://blogtalkradio.com/sed/magna/at/nunc/commodo.aspx,2020-07-02T15:40:54Z
243,kleaning6q,https://t-online.de/ac/diam/cras/pellentesque/volutpat/dui.js,2021-02-04T19:11:46Z
244,omathouse6r,https://uol.com.br/arcu/adipiscing/molestie/hendrerit/at.png,2021-02-13T21:56:06Z
245,jkennan6s,https://fema.gov/in/quis.jsp,2020-10-11T16:59:26Z
246,mcranke6t,https://china.com.cn/sollicitudin/vitae/consectetuer/eget/rutrum.json,2021-02-04T21:07:42Z
247,aarger6u,https://army.mil/sed/vestibulum.xml,2020-08-19T11:46:24Z
248,nmcduffie6v,https://go.com/pede/justo/lacinia/eget/tincidunt/eget/tempus.jsp,2021-01-05T11:28:42Z
249,mkayser6w,http://ovh.net/amet/erat/nulla/tempus/vivamus/in.jsp,2020-11-14T03:32:19Z
250,pgiacovelli6x,http://dropbox.com/sit/amet/consectetuer.png,2020-12-11T14:06:03Z
251,crohlfs6y,https://technorati.com/etiam/pretium.jpg,2020-04-27T05:18:36Z
252,cmockler6z,https://kickstarter.com/in/ante/vestibulum/ante/ipsum/primis.json,2020-06-09T06:30:02Z
253,nterbruggen70,https://indiegogo.com/hac/habitasse.html,2020-03-25T21:28:59Z
254,ckairns71,https://reverbnation.com/porttitor.jsp,2020-08-30T06:27:42Z
255,kschuh72,https://is.gd/amet/turpis/elementum/ligula/vehicula.html,2020-11-02T08:30:52Z
256,mgianneschi73,https://mapquest.com/lobortis/ligula/sit/amet/eleifend.jpg,2020-11-23T19:57:54Z
257,jlebond74,http://fda.gov/pede/ac/diam/cras.html,2021-02-22T22:35:13Z
258,wmargrie75,https://wp.com/nisl/venenatis.png,2020-11-28T23:08:23Z
259,mhacon76,http://hud.gov/magna/vestibulum/aliquet/ultrices/erat.xml,2020-07-24T09:28:43Z
260,tbreadmore77,http://about.me/sit.aspx,2020-03-18T00:51:35Z
261,ccormack78,http://nbcnews.com/at/nibh/in/hac.jpg,2020-11-26T21:27:46Z
262,ededenham79,https://china.com.cn/lorem/integer.json,2020-10-06T00:21:04Z
263,gstpaul7a,http://chronoengine.com/turpis/nec/euismod/scelerisque.xml,2021-01-06T06:47:46Z
264,bgerauld7b,https://spotify.com/vel/enim/sit/amet/nunc/viverra/dapibus.png,2020-08-12T10:33:42Z
265,jmuldoon7c,https://vimeo.com/suspendisse.json,2020-10-29T07:06:50Z
266,cpavey7d,http://sakura.ne.jp/a/odio/in/hac/habitasse/platea.png,2021-02-23T10:53:58Z
267,sdomelow7e,http://macromedia.com/erat.html,2020-07-27T03:45:42Z
268,lbroadwood7f,https://comsenz.com/turpis.js,2020-04-01T15:18:31Z
269,abrearty7g,https://yahoo.co.jp/lacus/morbi/sem/mauris.png,2020-12-18T05:32:38Z
270,hhasselby7h,https://rambler.ru/sollicitudin/vitae/consectetuer/eget/rutrum/at.json,2020-11-30T21:54:31Z
271,ieskrigge7i,http://bloglines.com/nulla/nisl/nunc/nisl/duis/bibendum/felis.json,2020-06-15T21:49:22Z
272,ahawksworth7j,http://cisco.com/est/et/tempus/semper.json,2020-10-27T23:44:07Z
273,bgrimwood7k,http://devhub.com/odio/curabitur/convallis/duis.json,2021-02-18T10:43:21Z
274,hocannavan7l,https://behance.net/etiam/faucibus/cursus/urna/ut/tellus.json,2020-03-13T14:33:46Z
275,tsivills7m,http://thetimes.co.uk/congue/diam.png,2020-04-24T06:10:17Z
276,rbowden7n,https://sitemeter.com/amet/nunc/viverra/dapibus.xml,2020-07-13T06:34:22Z
277,mfairs7o,https://amazon.com/luctus/cum/sociis/natoque/penatibus/et.png,2020-06-12T21:26:49Z
278,akeay7p,https://barnesandnoble.com/non/interdum.jsp,2020-11-25T13:10:15Z
279,fdiamond7q,http://ucoz.com/mi/nulla/ac/enim/in/tempor.xml,2020-07-15T20:31:20Z
280,mhunn7r,https://trellian.com/sed.json,2020-09-11T03:09:50Z
281,cstile7s,https://live.com/at/nulla.jsp,2020-05-08T00:49:23Z
282,tlukehurst7t,https://timesonline.co.uk/quis/orci/eget/orci.jpg,2020-06-27T23:54:19Z
283,cbaudinet7u,http://artisteer.com/augue.xml,2020-07-22T18:50:02Z
284,bbickardike7v,http://wikia.com/morbi/non/lectus/aliquam.js,2020-09-25T07:23:00Z
285,hfeldhorn7w,https://bloomberg.com/vestibulum/aliquet/ultrices/erat/tortor/sollicitudin.png,2020-10-09T09:11:33Z
286,owrathall7x,http://drupal.org/risus/dapibus/augue/vel/accumsan.json,2020-10-05T00:06:43Z
287,wcrotty7y,https://sun.com/risus/dapibus/augue/vel/accumsan.png,2020-07-10T23:32:54Z
288,csarjent7z,https://shutterfly.com/ipsum/integer/a/nibh/in/quis/justo.json,2021-01-07T16:00:22Z
289,jtaylorson80,https://360.cn/volutpat/dui/maecenas.json,2020-03-21T02:36:22Z
290,sblaschek81,https://abc.net.au/turpis/sed/ante/vivamus/tortor.xml,2020-03-15T09:57:50Z
291,odovidian82,https://apple.com/et/ultrices/posuere/cubilia/curae/donec/pharetra.xml,2020-07-24T16:37:41Z
292,woakhill83,http://t-online.de/sapien/placerat/ante/nulla.aspx,2020-08-29T06:28:50Z
293,hblakeslee84,https://narod.ru/quam/pharetra.xml,2021-02-26T11:05:08Z
294,jsevier85,https://tinyurl.com/at/nibh/in/hac/habitasse.jsp,2020-09-28T05:59:29Z
295,pscotting86,https://goo.ne.jp/scelerisque/mauris/sit/amet/eros/suspendisse.html,2020-09-23T20:46:50Z
296,nwerendell87,http://weibo.com/a/odio/in/hac/habitasse/platea.json,2020-05-17T19:23:18Z
297,bjerrans88,https://fda.gov/nibh/ligula/nec/sem/duis/aliquam.aspx,2020-10-09T13:01:26Z
298,rbalderson89,https://sun.com/massa/id.aspx,2021-03-02T02:34:55Z
299,ptaill8a,https://npr.org/magna/ac/consequat/metus/sapien.png,2020-10-22T05:13:04Z
300,hparkyns8b,http://nps.gov/eros/vestibulum.xml,2020-11-26T16:56:24Z
301,bwhitley8c,https://nytimes.com/erat/quisque/erat/eros/viverra.js,2020-06-26T07:14:06Z
302,askirlin8d,http://abc.net.au/nisi/nam/ultrices/libero/non.jsp,2020-10-09T22:41:46Z
303,adenne8e,http://prweb.com/amet/nunc/viverra/dapibus/nulla/suscipit/ligula.jsp,2020-08-04T06:20:55Z
304,ldecullip8f,http://mit.edu/adipiscing/elit/proin/interdum.xml,2021-02-09T14:54:34Z
305,ccavie8g,https://ezinearticles.com/pede/ullamcorper/augue/a/suscipit/nulla.json,2020-06-06T06:31:35Z
306,osneezum8h,http://virginia.edu/lacinia/erat.aspx,2020-09-17T11:00:57Z
307,fwestgate8i,http://meetup.com/eu/interdum/eu.xml,2020-04-01T00:51:57Z
308,apearle8j,https://nyu.edu/tortor/quis/turpis/sed/ante/vivamus/tortor.png,2020-03-27T06:53:01Z
309,eocanavan8k,https://discovery.com/quisque/erat/eros/viverra/eget/congue/eget.aspx,2020-12-14T14:48:38Z
310,ppayne8l,https://salon.com/quis/orci/eget/orci.json,2020-09-16T20:41:37Z
311,mansell8m,https://technorati.com/justo.jsp,2020-08-20T22:35:12Z
312,kcobbold8n,https://shutterfly.com/porttitor/lacus/at/turpis/donec/posuere/metus.json,2020-12-20T10:50:22Z
313,mrainer8o,http://spotify.com/sollicitudin/vitae/consectetuer/eget.aspx,2020-09-19T16:25:27Z
314,edelf8p,https://hexun.com/eu/sapien/cursus/vestibulum/proin/eu.html,2021-01-24T07:34:53Z
315,rglynne8q,https://accuweather.com/est/donec/odio.xml,2021-01-21T23:27:20Z
316,mbehagg8r,https://oaic.gov.au/lacinia/erat/vestibulum.xml,2021-01-04T09:52:17Z
317,cmcgunley8s,http://phpbb.com/id/justo/sit/amet/sapien/dignissim/vestibulum.json,2020-06-21T00:08:35Z
318,dandrez8t,http://japanpost.jp/mauris/laoreet/ut.aspx,2020-07-07T21:07:30Z
319,jandryszczak8u,http://google.com.au/lorem.js,2020-09-07T09:57:28Z
320,dlabrenz8v,https://webnode.com/congue.html,2020-12-29T08:36:15Z
321,saistrop8w,https://chronoengine.com/nulla/sed/vel/enim.xml,2020-07-30T03:46:51Z
322,dpovah8x,https://harvard.edu/mauris/viverra/diam.json,2020-08-23T23:22:36Z
323,kmaureen8y,https://abc.net.au/morbi/sem/mauris/laoreet/ut/rhoncus/aliquet.json,2020-05-23T13:09:44Z
324,bfrankton8z,https://pen.io/pretium.js,2020-05-15T07:32:06Z
325,jmanchett90,https://vk.com/quam/nec/dui/luctus/rutrum/nulla.xml,2021-01-31T20:05:15Z
326,gadamik91,https://prnewswire.com/natoque/penatibus/et/magnis/dis/parturient.aspx,2021-02-12T07:46:30Z
327,ggiorgione92,https://globo.com/curabitur/in/libero/ut/massa/volutpat/convallis.aspx,2021-01-26T07:08:53Z
328,bmatonin93,https://home.pl/fringilla/rhoncus/mauris/enim/leo/rhoncus.jpg,2020-05-02T04:22:45Z
329,aclarson94,http://yahoo.co.jp/neque/libero.jsp,2020-09-14T02:28:27Z
330,obligh95,https://purevolume.com/erat.js,2020-09-26T18:38:24Z
331,bpaylie96,http://theglobeandmail.com/sem/sed/sagittis/nam.html,2020-08-02T02:45:27Z
332,mboylan97,https://chicagotribune.com/donec.html,2020-04-28T14:56:21Z
333,hmithan98,http://freewebs.com/elit/ac/nulla/sed/vel/enim/sit.jsp,2020-06-03T03:16:52Z
334,lcobain99,https://weebly.com/sed/nisl/nunc/rhoncus/dui.png,2020-08-07T07:08:26Z
335,mcolafate9a,https://prnewswire.com/nulla/integer/pede/justo.json,2020-11-12T23:24:52Z
336,alamps9b,http://ebay.co.uk/sapien/sapien/non.json,2020-06-26T21:24:35Z
337,mquickfall9c,https://naver.com/magnis/dis/parturient/montes/nascetur/ridiculus/mus.jsp,2020-07-08T08:17:42Z
338,tkilmary9d,http://msu.edu/erat/quisque/erat/eros/viverra/eget.jsp,2020-11-28T04:14:33Z
339,flownds9e,https://macromedia.com/mollis.png,2020-06-24T00:25:07Z
340,bdallison9f,http://spiegel.de/leo.jsp,2020-05-05T09:07:30Z
341,fgreenlies9g,http://i2i.jp/cras/mi/pede/malesuada/in/imperdiet/et.aspx,2021-02-01T19:32:57Z
342,dchamberlain9h,https://ihg.com/mollis/molestie.jsp,2020-12-08T06:45:06Z
343,kshaddock9i,https://storify.com/duis/bibendum/morbi/non.png,2020-05-18T19:55:49Z
344,adougan9j,https://bing.com/aliquam.js,2021-01-12T23:02:02Z
345,ccomley9k,https://prlog.org/at/lorem.jsp,2020-08-03T19:19:51Z
346,mstallard9l,https://nature.com/ipsum/dolor/sit/amet/consectetuer.aspx,2020-12-01T00:02:30Z
347,jmilier9m,http://geocities.com/ipsum/integer/a.json,2020-10-11T11:16:17Z
348,utrahearn9n,http://histats.com/sapien/placerat/ante.js,2020-09-19T23:31:03Z
349,hronchka9o,http://twitter.com/ipsum/dolor/sit/amet/consectetuer.json,2020-05-06T20:11:31Z
350,pcafferky9p,https://hubpages.com/consequat/morbi.js,2020-04-15T23:25:00Z
351,lrustidge9q,http://answers.com/quisque/porta/volutpat/erat/quisque.png,2020-11-18T01:58:26Z
352,dgasgarth9r,http://shinystat.com/ipsum/praesent/blandit/lacinia/erat/vestibulum.xml,2020-06-24T14:10:08Z
353,ddemendoza9s,http://wufoo.com/ut/blandit/non/interdum/in.aspx,2020-05-19T22:27:16Z
354,dkimpton9t,https://fda.gov/iaculis/congue.html,2020-04-21T18:02:05Z
355,miggo9u,http://google.es/sapien/arcu/sed/augue/aliquam/erat/volutpat.html,2020-04-27T13:24:30Z
356,ebonny9v,http://deliciousdays.com/faucibus.xml,2020-12-18T12:19:00Z
357,jdaulby9w,http://mayoclinic.com/ante/ipsum/primis/in/faucibus/orci/luctus.png,2020-10-06T07:11:15Z
358,atows9x,https://myspace.com/in/est/risus/auctor/sed/tristique.js,2020-04-21T18:25:30Z
359,ecruess9y,https://dagondesign.com/at/feugiat/non/pretium/quis/lectus/suspendisse.png,2020-06-13T14:44:46Z
360,hitzkowicz9z,https://webmd.com/justo/sit/amet/sapien/dignissim/vestibulum/vestibulum.jpg,2020-10-05T13:57:14Z
361,mkeetinga0,http://surveymonkey.com/aliquam/non/mauris/morbi/non/lectus/aliquam.xml,2020-09-16T17:15:00Z
362,cboldena1,https://desdev.cn/integer/ac/leo/pellentesque.html,2021-01-31T19:44:31Z
363,ivowelsa2,https://sogou.com/ac/nibh/fusce/lacus/purus/aliquet.js,2020-12-10T10:10:14Z
364,jbeckena3,http://slideshare.net/sit.jpg,2020-12-13T07:03:38Z
365,tgorcha4,http://adobe.com/gravida/nisi/at/nibh.js,2020-09-11T22:50:27Z
366,wshaylora5,http://rediff.com/a/nibh/in/quis/justo.xml,2021-02-01T19:31:59Z
367,amarlena6,https://cbsnews.com/a.json,2020-05-20T00:18:25Z
368,gludmanna7,http://dailymotion.com/felis/eu/sapien/cursus/vestibulum/proin.html,2020-12-16T14:22:34Z
369,bmattona8,https://psu.edu/ut/dolor/morbi/vel.js,2021-01-25T08:09:29Z
370,hbulcha9,https://usgs.gov/commodo/placerat/praesent/blandit/nam/nulla/integer.png,2020-05-29T17:09:18Z
371,kflowerdenaa,https://google.es/erat/curabitur/gravida/nisi.aspx,2020-06-27T13:30:34Z
372,clightwingab,http://instagram.com/sodales/scelerisque/mauris/sit/amet.png,2020-04-10T09:16:09Z
373,bhardwickac,https://house.gov/velit/donec.html,2021-02-13T01:03:58Z
374,kripleyad,http://php.net/pede/posuere.aspx,2020-06-08T22:16:21Z
375,ehallahanae,http://angelfire.com/nulla.aspx,2020-04-11T08:22:55Z
376,rduffaf,http://vinaora.com/ligula/vehicula.jsp,2020-11-27T10:40:45Z
377,jmardallag,http://shinystat.com/fusce/posuere/felis/sed/lacus/morbi.json,2021-02-09T18:47:29Z
378,wdoyah,http://symantec.com/id.jsp,2020-12-09T17:01:05Z
379,abidewellai,https://usgs.gov/lobortis/vel/dapibus/at/diam/nam/tristique.png,2021-01-28T03:26:09Z
380,ssantacroleaj,http://sphinn.com/in/consequat/ut/nulla/sed/accumsan/felis.js,2020-04-11T00:16:58Z
381,mgriffittsak,http://surveymonkey.com/lectus/suspendisse/potenti/in/eleifend.aspx,2020-04-13T21:54:08Z
382,charrhyal,http://scientificamerican.com/ut/suscipit/a.html,2020-08-20T00:07:34Z
383,carnaudonam,https://jalbum.net/porttitor/id.png,2021-02-01T00:54:50Z
384,chenzleyan,http://yelp.com/nulla/ultrices/aliquet/maecenas.png,2020-12-21T22:14:25Z
385,draikerao,https://smh.com.au/odio/curabitur/convallis/duis/consequat/dui.aspx,2020-05-16T22:17:50Z
386,kurlichap,http://businessinsider.com/dignissim/vestibulum/vestibulum/ante/ipsum.aspx,2020-12-27T21:28:12Z
387,jvaldesaq,https://oaic.gov.au/a/pede/posuere/nonummy/integer/non.html,2020-12-09T16:43:48Z
388,eberrowar,http://timesonline.co.uk/lorem/ipsum/dolor/sit/amet/consectetuer/adipiscing.aspx,2020-10-07T08:57:43Z
389,rsparkwellas,https://microsoft.com/dis/parturient/montes/nascetur.aspx,2020-03-23T16:13:14Z
390,mcusworthat,http://wikipedia.org/in/est.png,2020-12-30T10:43:53Z
391,mretallackau,https://imgur.com/elit/ac.jsp,2020-04-18T15:53:47Z
392,ccoulingav,http://youku.com/orci/luctus/et/ultrices.jsp,2020-11-02T11:15:46Z
393,derwinaw,https://oakley.com/turpis.jpg,2021-01-13T21:06:07Z
394,gwilleyax,https://amazon.co.jp/duis.js,2020-10-06T17:20:40Z
395,bmassingeray,http://loc.gov/vestibulum/ac/est/lacinia/nisi.json,2021-02-02T03:47:09Z
396,geweraz,https://dropbox.com/vestibulum/vestibulum/ante/ipsum/primis/in/faucibus.json,2020-10-07T03:23:01Z
397,khaywardb0,http://blogtalkradio.com/vel/lectus/in/quam.json,2021-03-04T04:31:34Z
398,dferrerb1,http://friendfeed.com/eleifend/quam/a.jpg,2020-12-03T14:28:37Z
399,gnanettib2,https://i2i.jp/ipsum/primis/in/faucibus/orci/luctus.js,2020-10-30T05:39:46Z
400,rtrevanceb3,https://amazon.co.uk/justo/eu/massa/donec.png,2020-05-30T13:57:50Z
401,slaurentb4,https://state.tx.us/eros/suspendisse/accumsan/tortor/quis/turpis/sed.json,2020-12-31T05:12:29Z
402,dgaylordb5,http://jimdo.com/orci/eget.xml,2020-03-29T01:28:43Z
403,emilellab6,https://ehow.com/eleifend/quam/a/odio.jpg,2021-02-09T02:44:55Z
404,mdillingstoneb7,http://google.co.uk/dolor/sit/amet/consectetuer.jpg,2020-12-29T12:12:56Z
405,bphizakarleyb8,http://bigcartel.com/congue/diam/id/ornare/imperdiet/sapien.png,2021-02-01T22:55:21Z
406,cbesqueb9,https://sphinn.com/odio/curabitur/convallis/duis/consequat/dui/nec.json,2020-08-18T19:06:23Z
407,gallwoodba,https://bloglovin.com/blandit/nam/nulla/integer/pede/justo.aspx,2020-12-11T23:07:38Z
408,lrushbybb,https://webeden.co.uk/rutrum.html,2020-10-11T23:46:27Z
409,gmccaughrenbc,https://yelp.com/odio/in/hac.html,2020-06-25T14:04:46Z
410,dkidsonbd,https://naver.com/viverra/dapibus/nulla/suscipit.xml,2020-04-24T10:03:14Z
411,mhealingbe,https://smugmug.com/enim/in/tempor/turpis/nec/euismod.json,2020-08-08T22:32:08Z
412,adirkinbf,https://forbes.com/vel/nisl/duis/ac/nibh/fusce/lacus.png,2021-03-05T01:49:05Z
413,dmanginbg,http://aol.com/consequat/lectus/in/est.html,2021-02-05T04:38:30Z
414,tpertbh,http://usda.gov/augue/vestibulum/rutrum.jpg,2020-03-16T05:24:09Z
415,nlammasbi,http://java.com/pellentesque/volutpat/dui/maecenas/tristique/est/et.xml,2021-01-22T21:30:21Z
416,pmaxwalebj,https://amazon.co.uk/accumsan/tortor/quis/turpis.html,2020-03-14T03:40:16Z
417,ptsarbk,http://hostgator.com/interdum/mauris/ullamcorper/purus.js,2020-06-17T02:51:15Z
418,jtunnowbl,http://springer.com/duis/at/velit/eu/est.png,2020-11-17T17:09:19Z
419,tmaltbybm,https://slideshare.net/mollis/molestie/lorem/quisque/ut.aspx,2020-06-02T16:17:45Z
420,iflightbn,http://livejournal.com/orci/luctus/et/ultrices/posuere.html,2020-08-04T21:07:49Z
421,ccassimerbo,https://bing.com/in/faucibus/orci/luctus/et/ultrices/posuere.html,2020-07-05T16:18:03Z
422,lmenchentonbp,https://accuweather.com/ullamcorper/augue.jsp,2020-04-21T05:38:22Z
423,tpinnerebq,http://cafepress.com/curabitur/in/libero.xml,2020-12-24T03:46:29Z
424,fdecrusebr,http://artisteer.com/tortor/risus.html,2020-07-25T05:41:57Z
425,jjuddbs,http://altervista.org/in/hac/habitasse/platea/dictumst.aspx,2020-03-26T20:20:16Z
426,aknightonbt,http://biglobe.ne.jp/sit/amet/turpis/elementum/ligula/vehicula/consequat.xml,2020-06-02T22:52:07Z
427,dstainbridgebu,https://salon.com/et/ultrices/posuere/cubilia/curae/duis/faucibus.aspx,2020-04-15T14:48:26Z
428,dbrendelbv,http://auda.org.au/elit/ac/nulla/sed/vel/enim.json,2020-05-13T11:53:44Z
429,bcarayolbw,http://hexun.com/semper/sapien/a/libero/nam/dui/proin.aspx,2020-11-07T01:06:05Z
430,hmckinneybx,https://arizona.edu/justo.html,2021-02-10T11:01:47Z
431,mbaughamby,http://networkadvertising.org/vestibulum/ante/ipsum/primis/in/faucibus.xml,2021-03-09T16:59:06Z
432,bschimonibz,http://oakley.com/ac/nulla/sed/vel/enim/sit.png,2020-10-03T04:18:49Z
433,gpagelc0,https://sciencedirect.com/libero/quis/orci/nullam.json,2021-02-08T10:47:49Z
434,mkernarc1,http://surveymonkey.com/platea/dictumst.html,2020-08-14T17:21:08Z
435,wothenc2,https://oracle.com/amet/consectetuer/adipiscing/elit/proin/interdum.jpg,2020-04-09T13:03:29Z
436,fghiroldic3,http://oracle.com/laoreet/ut/rhoncus/aliquet/pulvinar/sed.json,2020-03-10T16:59:53Z
437,djewettc4,https://ucla.edu/tempus.jsp,2021-01-07T06:21:05Z
438,tsigwardc5,https://nasa.gov/cubilia/curae/donec.json,2020-05-12T06:34:12Z
439,lzapaterc6,https://ucla.edu/sapien/non.jpg,2020-11-12T17:30:12Z
440,cduggenc7,http://gmpg.org/est.xml,2021-02-09T03:49:59Z
441,bvarnamc8,https://ycombinator.com/a.json,2020-07-03T08:08:18Z
442,ofeatherbyc9,https://google.it/blandit/non/interdum/in.js,2020-05-13T11:49:51Z
443,balfonsoca,http://ibm.com/faucibus/orci/luctus/et/ultrices/posuere.html,2021-01-28T03:27:07Z
444,wgalliennecb,http://disqus.com/cras/non/velit/nec/nisi/vulputate.png,2021-02-04T00:38:06Z
445,fsnydercc,https://mac.com/accumsan/felis.jsp,2020-10-16T00:18:26Z
446,fstoylecd,https://hibu.com/curae/nulla/dapibus/dolor/vel.jsp,2020-07-18T18:01:48Z
447,flillicrapce,http://hibu.com/ac/lobortis/vel/dapibus/at/diam/nam.xml,2021-02-04T23:10:24Z
448,gpoulsencf,http://deviantart.com/in/magna/bibendum/imperdiet/nullam/orci/pede.xml,2020-07-31T14:59:58Z
449,erelfcg,http://opensource.org/convallis/tortor/risus/dapibus.js,2020-09-19T01:54:36Z
450,gspurdench,https://unblog.fr/integer/ac/leo/pellentesque.aspx,2020-05-26T08:15:00Z
451,ymapstonci,http://wix.com/in/ante/vestibulum/ante.jsp,2020-11-21T18:31:32Z
452,fdovingtoncj,https://barnesandnoble.com/leo/pellentesque/ultrices/mattis.jsp,2021-01-17T23:44:04Z
453,wgarzck,https://ovh.net/nisi/vulputate.jpg,2020-11-05T16:19:40Z
454,zhoyercl,http://dion.ne.jp/purus/sit.html,2020-08-13T01:06:27Z
455,acardenosocm,https://time.com/donec/quis/orci/eget.html,2020-06-23T09:44:26Z
456,mstorriecn,http://whitehouse.gov/odio/porttitor/id/consequat/in.jpg,2020-10-16T09:22:56Z
457,hmearingco,http://icio.us/morbi/ut/odio/cras/mi/pede.xml,2020-09-25T02:22:04Z
458,dlandegcp,http://nydailynews.com/at/velit/vivamus/vel/nulla.js,2020-09-28T06:58:48Z
459,rgebbecq,https://skyrock.com/odio/justo/sollicitudin/ut/suscipit/a.js,2020-09-19T05:23:00Z
460,bhoffnercr,https://posterous.com/nisl/nunc/nisl/duis/bibendum.xml,2020-03-29T19:10:36Z
461,vtraytecs,https://clickbank.net/in/faucibus.png,2020-08-19T12:20:30Z
462,dhaneyct,https://springer.com/amet/cursus/id/turpis/integer.js,2020-11-01T01:46:42Z
463,lmccordcu,https://phoca.cz/duis/mattis/egestas/metus.aspx,2020-11-10T15:36:52Z
464,bmclanaghancv,https://nasa.gov/volutpat/convallis/morbi.aspx,2020-12-22T03:52:52Z
465,lspellwardcw,https://umich.edu/porttitor/id/consequat.jpg,2020-06-17T03:53:55Z
466,mbrimilcombecx,http://buzzfeed.com/hendrerit.png,2021-03-01T20:37:23Z
467,wbriandcy,https://nba.com/dui.html,2020-06-18T03:07:34Z
468,gcasselycz,http://omniture.com/feugiat/et/eros/vestibulum/ac.jpg,2020-11-05T15:11:33Z
469,jmcginneyd0,http://chronoengine.com/praesent/blandit/nam/nulla.aspx,2020-09-05T11:09:57Z
470,evalentad1,https://house.gov/sagittis/dui/vel/nisl/duis.html,2020-10-11T16:02:29Z
471,rwartnabyd2,http://friendfeed.com/duis/bibendum/felis.jpg,2020-08-19T22:15:31Z
472,sklauerd3,http://marketwatch.com/mattis/pulvinar/nulla/pede/ullamcorper.jpg,2020-03-19T15:29:12Z
473,kjanseyd4,http://oakley.com/aliquam.html,2020-05-31T13:21:16Z
474,amagwoodd5,http://cpanel.net/nunc/donec/quis/orci/eget/orci/vehicula.png,2021-02-23T02:47:29Z
475,arawsthorned6,http://dell.com/nullam/sit.jsp,2020-03-29T01:35:13Z
476,ecollerd7,http://state.tx.us/aliquet/massa/id/lobortis/convallis/tortor.json,2020-03-15T18:58:22Z
477,gteffreyd8,https://shinystat.com/ligula.js,2020-10-25T22:12:55Z
478,kvossingd9,https://ovh.net/morbi/vestibulum/velit/id/pretium/iaculis/diam.png,2021-02-12T09:19:24Z
479,asleightholmda,http://theatlantic.com/at/nibh/in/hac/habitasse/platea/dictumst.png,2020-11-06T08:48:14Z
480,wdederichdb,http://adobe.com/lacinia/sapien/quis.html,2021-02-08T19:31:11Z
481,svalerodc,http://360.cn/et/tempus/semper/est/quam.jpg,2020-08-26T09:31:35Z
482,mdombdd,https://huffingtonpost.com/consectetuer/adipiscing/elit.xml,2020-09-20T01:29:13Z
483,kmingottide,https://dailymail.co.uk/turpis/sed/ante/vivamus/tortor/duis/mattis.json,2020-03-19T21:48:58Z
484,kpinckstonedf,http://constantcontact.com/cras/in/purus/eu/magna.jsp,2020-07-14T00:27:43Z
485,fthirlawaydg,http://washingtonpost.com/ante/vel.js,2020-10-10T22:39:46Z
486,ddorydh,https://berkeley.edu/magna/at/nunc/commodo/placerat/praesent/blandit.png,2021-01-09T23:51:10Z
487,erowlandsdi,http://youku.com/amet/consectetuer/adipiscing/elit/proin.jsp,2020-11-01T12:54:34Z
488,cbarliedj,https://ed.gov/vestibulum/aliquet/ultrices/erat/tortor/sollicitudin.js,2020-12-26T14:08:28Z
489,zwallentindk,http://intel.com/pede/ullamcorper/augue/a/suscipit/nulla.jsp,2020-11-10T04:17:53Z
490,ldalliwaterdl,https://nba.com/sodales/scelerisque/mauris.png,2020-05-07T13:32:11Z
491,gdredgedm,https://bandcamp.com/dapibus/dolor/vel.xml,2021-01-22T15:43:46Z
492,tcarberrydn,https://businessinsider.com/in/quis/justo/maecenas/rhoncus/aliquam.json,2020-06-04T02:01:13Z
493,lpoweleedo,http://whitehouse.gov/cum/sociis/natoque/penatibus/et.js,2020-03-23T00:59:13Z
494,sglentworthdp,https://exblog.jp/blandit/nam/nulla/integer.json,2020-11-05T01:33:21Z
495,gcratchleydq,http://comcast.net/facilisi/cras/non/velit/nec.aspx,2020-12-31T06:17:59Z
496,sdunkdr,https://flavors.me/tempus/sit/amet/sem/fusce.aspx,2020-12-15T10:46:18Z
497,apackhamds,https://ocn.ne.jp/nunc.png,2020-05-13T17:27:53Z
498,glidgelydt,http://ehow.com/sagittis/dui/vel/nisl.html,2020-09-26T05:13:36Z
499,ecrombleholmedu,https://sogou.com/rutrum.jpg,2021-01-31T13:04:34Z
500,asalsburydv,http://slate.com/viverra.jpg,2021-01-26T00:21:36Z
501,dedwickerdw,https://feedburner.com/volutpat/sapien/arcu/sed/augue/aliquam/erat.jsp,2021-01-17T07:30:15Z
502,nvillardx,http://gov.uk/quis/orci/nullam/molestie/nibh/in/lectus.jsp,2020-10-04T13:38:35Z
503,abattdy,http://canalblog.com/ultrices.png,2020-05-13T06:15:23Z
504,cgatlindz,http://youtu.be/mus/etiam/vel/augue/vestibulum.json,2020-10-17T00:59:20Z
505,idrackforde0,https://samsung.com/praesent/id/massa/id/nisl/venenatis.js,2020-10-26T17:49:35Z
506,dginnere1,http://sitemeter.com/pretium/nisl/ut/volutpat/sapien.aspx,2020-12-25T20:35:47Z
507,wbertomeue2,https://wiley.com/dapibus.jsp,2020-08-08T11:43:09Z
508,besslemonte3,http://ehow.com/dui/proin/leo/odio/porttitor/id.json,2020-05-29T17:32:06Z
509,fpayse4,http://google.it/nulla/eget/eros/elementum/pellentesque/quisque/porta.json,2020-06-14T00:11:01Z
510,liffee5,http://hp.com/gravida/nisi/at/nibh/in/hac.jpg,2020-06-25T21:46:26Z
511,arameauxe6,http://ucoz.ru/mus/etiam/vel/augue/vestibulum/rutrum/rutrum.xml,2020-03-19T07:34:56Z
512,aharnese7,http://accuweather.com/suspendisse/accumsan.json,2020-05-07T20:56:21Z
513,kissacofe8,http://xrea.com/sit/amet/consectetuer/adipiscing/elit/proin/risus.aspx,2020-10-21T16:42:03Z
514,dpaydone9,https://ucsd.edu/tellus/nisi/eu/orci/mauris/lacinia.xml,2021-02-26T02:13:53Z
515,rduttea,http://hubpages.com/odio/in.aspx,2020-10-09T17:18:39Z
516,mkivelleeb,https://archive.org/eget/vulputate/ut/ultrices/vel/augue.js,2020-07-03T13:49:14Z
517,lmeneelyec,http://geocities.com/sit/amet/sem/fusce/consequat/nulla.png,2020-10-21T15:38:00Z
518,gmaytumed,https://tamu.edu/imperdiet/et/commodo/vulputate/justo/in/blandit.js,2020-06-18T11:51:52Z
519,cslaneee,https://google.nl/habitasse/platea/dictumst/etiam/faucibus.aspx,2020-08-16T20:31:03Z
520,ioldridgeef,https://yellowbook.com/sed/ante/vivamus/tortor/duis.xml,2020-08-04T05:02:22Z
521,emawfordeg,http://oracle.com/aliquam/sit/amet/diam/in/magna.json,2020-05-15T05:01:55Z
522,eenriqueseh,https://163.com/id/sapien.png,2020-07-14T02:38:23Z
523,gtollfreeei,http://biglobe.ne.jp/tristique/fusce/congue.js,2020-11-29T22:19:48Z
524,jkimbreyej,http://jalbum.net/et/ultrices/posuere/cubilia/curae/donec/pharetra.xml,2020-06-28T23:57:01Z
525,rbuttlerek,http://aboutads.info/commodo/placerat/praesent/blandit/nam.xml,2020-10-07T16:51:53Z
526,kmcdermidel,http://domainmarket.com/sagittis/sapien/cum/sociis/natoque.js,2020-09-04T14:03:27Z
527,mdumphriesem,http://oracle.com/eu/sapien/cursus.png,2020-06-21T10:36:10Z
528,fflintoften,https://answers.com/lacinia/nisi/venenatis/tristique/fusce/congue/diam.png,2021-02-21T05:41:45Z
529,ecrannageeo,https://newsvine.com/nisl.aspx,2020-09-18T17:15:58Z
530,kipgraveep,https://mapy.cz/ante/vestibulum.xml,2020-12-29T22:24:16Z
531,fhopkinseq,https://usa.gov/ornare/consequat/lectus/in.html,2021-01-20T00:11:15Z
532,csamwayser,http://wp.com/posuere/cubilia/curae.json,2021-02-01T16:33:00Z
533,wmattses,http://goo.gl/nec/molestie/sed.png,2020-09-10T01:27:45Z
534,ksevittet,http://reuters.com/eget/eros.js,2021-03-03T22:35:55Z
535,dheskineu,https://vkontakte.ru/mi/in/porttitor.html,2020-05-25T23:38:15Z
536,cstrobandev,http://google.fr/placerat.png,2020-03-11T22:21:39Z
537,mgonzalezew,https://bravesites.com/luctus/et/ultrices.jpg,2020-06-08T12:40:14Z
538,lfrancklinex,http://cnbc.com/nulla/facilisi/cras/non/velit/nec/nisi.jpg,2020-03-18T14:08:27Z
539,bhewlingsey,http://wix.com/interdum/in/ante/vestibulum.jsp,2021-03-07T03:01:35Z
540,bferreresez,https://businessinsider.com/pretium/iaculis/justo/in/hac.jsp,2021-01-23T07:54:46Z
541,cmaultf0,http://google.ca/est/et/tempus/semper/est/quam.jsp,2021-01-19T05:12:33Z
542,parpurf1,http://irs.gov/lobortis/convallis/tortor/risus.html,2020-04-24T09:47:59Z
543,ctillotf2,http://ca.gov/mus/vivamus/vestibulum/sagittis.html,2020-04-15T02:52:05Z
544,tjanssonf3,https://wikia.com/eu/nibh/quisque/id/justo/sit/amet.xml,2020-03-26T14:29:51Z
545,hschimannf4,http://mac.com/risus.aspx,2020-05-06T19:39:44Z
546,sheinlef5,http://cbslocal.com/orci/luctus/et.json,2020-12-28T05:10:56Z
547,rbalfref6,http://google.ca/dolor/morbi/vel/lectus.json,2021-02-13T14:30:35Z
548,wauberyf7,https://chronoengine.com/enim/sit/amet/nunc/viverra/dapibus/nulla.jsp,2020-08-01T06:24:51Z
549,rdomnickf8,https://usda.gov/iaculis/congue/vivamus/metus/arcu/adipiscing.html,2020-05-21T13:38:16Z
550,bmorrattf9,https://devhub.com/non.png,2020-11-30T17:53:15Z
551,kraggattfa,http://sun.com/sollicitudin/mi/sit/amet.json,2020-07-29T15:42:38Z
552,cbyngfb,http://google.com.au/nulla/dapibus/dolor/vel/est.json,2020-06-26T22:29:35Z
553,bowensonfc,https://businessinsider.com/donec.json,2020-07-22T12:41:49Z
554,ffeakefd,https://github.io/duis/bibendum.jsp,2020-07-20T17:51:39Z
555,lcamblinfe,http://fema.gov/iaculis/congue/vivamus/metus/arcu/adipiscing.aspx,2020-04-27T13:50:05Z
556,kpolinff,http://amazon.co.jp/vitae/ipsum/aliquam/non.jpg,2020-04-13T14:18:18Z
557,sdoerrfg,https://abc.net.au/rhoncus/dui/vel/sem.jsp,2020-09-26T17:25:48Z
558,nstukefh,https://xinhuanet.com/ante/ipsum/primis/in/faucibus/orci.xml,2020-07-29T22:02:22Z
559,vfostfi,https://sbwire.com/dictumst/maecenas/ut/massa/quis/augue.jpg,2020-09-27T11:51:34Z
560,cpretswellfj,http://pagesperso-orange.fr/sem/mauris.jpg,2020-05-28T07:10:03Z
561,rpontainfk,https://ezinearticles.com/risus.jsp,2020-11-19T13:08:49Z
562,bbamberyfl,https://bloglines.com/proin/interdum/mauris/non/ligula/pellentesque/ultrices.png,2021-02-01T20:07:01Z
563,cblankleyfm,https://bloglovin.com/potenti/cras.json,2020-09-07T07:58:24Z
564,lschoutfn,https://salon.com/quis/orci.json,2020-11-26T03:32:06Z
565,jmisselbrookfo,http://google.fr/est/congue/elementum/in/hac/habitasse/platea.js,2020-12-10T07:50:31Z
566,crumblefp,http://apple.com/tortor/sollicitudin.jsp,2020-07-06T02:45:21Z
567,vwestnedgefq,http://weather.com/tempus/semper/est/quam.xml,2020-09-21T16:05:05Z
568,bhampshawfr,https://reddit.com/sed/lacus/morbi/sem/mauris/laoreet.xml,2020-09-23T08:32:55Z
569,zcaustonfs,http://123-reg.co.uk/leo/maecenas/pulvinar/lobortis/est/phasellus/sit.js,2020-04-22T22:22:33Z
570,bgrimsterft,http://hc360.com/lectus/in/quam/fringilla/rhoncus/mauris/enim.json,2020-09-25T02:24:18Z
571,khaldinfu,https://icq.com/amet.js,2020-04-24T01:48:21Z
572,aserjentfv,https://ucoz.com/et/commodo/vulputate/justo/in/blandit.json,2020-10-20T07:26:42Z
573,zlawrensonfw,https://naver.com/molestie.html,2020-07-14T23:59:21Z
574,sconnerryfx,http://utexas.edu/donec/posuere/metus.png,2021-01-16T15:41:53Z
575,hbickerstassefy,https://ning.com/pharetra/magna/ac/consequat.js,2020-10-14T03:20:58Z
576,tneashamfz,https://dailymail.co.uk/in/hac/habitasse/platea/dictumst/morbi.jpg,2020-06-18T05:55:05Z
577,dgiordanog0,https://pcworld.com/quis/lectus/suspendisse/potenti/in/eleifend/quam.jsp,2020-10-18T14:45:03Z
578,ematuszinskig1,http://biglobe.ne.jp/augue.html,2020-08-10T07:50:55Z
579,pkaesmakersg2,http://mapy.cz/molestie/nibh/in.html,2020-10-29T22:30:08Z
580,adilowayg3,http://theglobeandmail.com/velit/eu/est.html,2020-08-29T03:23:26Z
581,agovinlockg4,https://ovh.net/praesent/id/massa/id/nisl/venenatis/lacinia.aspx,2020-08-07T02:21:53Z
582,vbrinklowg5,https://reuters.com/est/lacinia.js,2020-04-24T21:25:21Z
583,amcarthurg6,https://aboutads.info/elit/sodales/scelerisque/mauris/sit/amet.jsp,2020-07-04T05:35:46Z
584,ssilbyg7,https://dedecms.com/ante/vestibulum/ante/ipsum/primis/in.aspx,2020-09-07T13:34:52Z
585,dluckeng8,https://wikipedia.org/suspendisse/potenti.json,2021-02-15T22:53:00Z
586,ipolglaseg9,https://ezinearticles.com/justo.xml,2020-12-18T10:22:55Z
587,fbrookerga,https://cbsnews.com/justo/in/hac/habitasse.xml,2020-08-27T22:32:08Z
588,nharrowaygb,https://ox.ac.uk/nisl/nunc/rhoncus/dui/vel/sem/sed.html,2021-01-24T17:49:55Z
589,cscaplehorngc,http://tripod.com/iaculis/diam/erat/fermentum.png,2020-07-03T00:57:42Z
590,mdortongd,https://sohu.com/pharetra/magna/ac.jpg,2020-07-11T09:47:37Z
591,ystuartge,http://guardian.co.uk/nunc/proin/at/turpis/a.xml,2020-05-24T23:04:51Z
592,yslinngf,https://creativecommons.org/nulla/sed/vel/enim/sit/amet/nunc.js,2020-08-16T00:55:00Z
593,nwilkissongg,http://naver.com/tristique/in/tempus/sit.html,2020-07-27T11:57:18Z
594,sheyworthgh,https://bloglines.com/purus.jsp,2020-04-27T20:34:50Z
595,sabramamovgi,https://sun.com/fermentum.html,2020-11-18T11:10:24Z
596,kcockerellgj,http://creativecommons.org/in/hac.png,2020-07-01T15:09:49Z
597,jboothmangk,https://google.co.jp/sollicitudin/vitae/consectetuer/eget.jpg,2020-10-28T15:27:04Z
598,rcasbournegl,http://stumbleupon.com/eu/mi.jpg,2020-12-07T12:13:30Z
599,bannattgm,http://lycos.com/sapien.jsp,2021-01-22T03:56:28Z
600,srickettsgn,https://bbb.org/consequat.aspx,2020-04-19T05:07:55Z
601,gshutlergo,http://engadget.com/pellentesque/volutpat/dui/maecenas/tristique/est/et.jpg,2020-09-04T12:45:30Z
602,fthickgp,http://utexas.edu/id/ligula/suspendisse/ornare.jpg,2020-11-29T08:24:03Z
603,eharkingq,https://photobucket.com/mollis/molestie/lorem/quisque.aspx,2020-11-13T04:07:02Z
604,ubrockinggr,http://economist.com/mi/in/porttitor.json,2021-01-21T06:40:10Z
605,otessingtongs,https://joomla.org/lorem/integer/tincidunt/ante/vel/ipsum.json,2020-09-10T03:11:38Z
606,kjadogt,http://smh.com.au/augue.js,2020-09-18T03:10:18Z
607,nboultergu,http://microsoft.com/consectetuer.aspx,2020-06-23T12:41:57Z
608,chixleygv,https://wikia.com/parturient/montes/nascetur.jpg,2020-08-18T13:49:46Z
609,binskogw,https://jalbum.net/consequat/dui.html,2020-08-14T13:47:32Z
610,mmettrickgx,http://prweb.com/pede/malesuada/in/imperdiet/et/commodo/vulputate.jsp,2020-06-03T21:36:21Z
611,lnewgroshgy,https://soup.io/semper.aspx,2020-09-28T05:23:58Z
612,pmcallestergz,https://ocn.ne.jp/libero/convallis/eget.png,2020-04-06T00:55:16Z
613,fscholteh0,https://google.co.jp/augue/vestibulum/ante/ipsum/primis/in/faucibus.aspx,2020-07-05T04:40:03Z
614,rsorrellh1,https://amazonaws.com/sapien/varius/ut/blandit/non/interdum.png,2020-10-02T06:09:26Z
615,abondeh2,http://cdbaby.com/feugiat/non/pretium/quis.jpg,2020-10-19T21:22:03Z
616,sphillimoreh3,http://slate.com/natoque.jpg,2020-10-05T04:43:15Z
617,hwoolfooth4,http://uol.com.br/erat/nulla.js,2020-08-25T03:38:50Z
618,ljeenesh5,https://netscape.com/curabitur/at/ipsum/ac.aspx,2020-06-25T19:44:45Z
619,bchowneh6,http://archive.org/aliquet/pulvinar/sed/nisl.jsp,2021-02-21T10:14:20Z
620,sgastickeh7,http://mac.com/semper/sapien/a/libero/nam/dui/proin.xml,2020-07-21T10:41:40Z
621,bgrabiech8,http://theguardian.com/eget.jsp,2020-04-05T19:33:38Z
622,bhugkh9,http://blinklist.com/at/turpis/a/pede/posuere/nonummy.png,2020-10-19T10:15:22Z
623,hhyettha,https://i2i.jp/posuere/cubilia/curae/duis.jpg,2020-07-03T10:59:42Z
624,bheeleyhb,https://businessinsider.com/quis/lectus/suspendisse/potenti/in/eleifend.png,2020-10-02T12:44:58Z
625,jmuckleyhc,https://squidoo.com/at/turpis/a/pede/posuere/nonummy/integer.aspx,2020-03-10T04:59:56Z
626,tgiacovellihd,http://cisco.com/sapien/sapien/non/mi/integer.png,2021-03-07T23:57:37Z
627,hdimblebyhe,https://printfriendly.com/quisque/erat/eros/viverra.html,2020-03-15T09:27:03Z
628,oburgwynhf,https://facebook.com/integer/ac/leo/pellentesque/ultrices/mattis/odio.aspx,2020-12-07T02:16:17Z
629,beadshg,https://dedecms.com/sem/fusce/consequat/nulla/nisl/nunc.html,2020-04-10T04:18:11Z
630,rdmitrievhh,https://godaddy.com/ut/massa.json,2020-07-29T04:46:48Z
631,dperagohi,http://paypal.com/non.png,2020-08-25T18:05:29Z
632,tgiraudothj,https://dyndns.org/eleifend/quam/a/odio/in/hac/habitasse.xml,2020-07-25T21:08:06Z
633,dbinnellhk,https://sphinn.com/dapibus/at/diam.json,2020-03-19T08:35:29Z
634,ilisciandrohl,http://amazon.co.uk/amet.aspx,2021-03-06T03:50:15Z
635,ddanilyakhm,https://google.com.au/vestibulum/ante/ipsum.png,2020-08-01T14:05:47Z
636,rwaterhousehn,https://weebly.com/pellentesque/eget.xml,2020-08-19T07:33:18Z
637,mbolingbrokeho,https://webmd.com/massa/volutpat/convallis/morbi/odio/odio.xml,2020-07-07T14:26:40Z
638,ktaxhp,https://friendfeed.com/luctus/cum/sociis/natoque/penatibus.xml,2020-07-24T06:54:07Z
639,vordhq,https://tripod.com/cras/mi/pede/malesuada/in/imperdiet/et.xml,2020-03-23T16:44:01Z
640,cjacqueminethr,http://plala.or.jp/odio/elementum/eu/interdum/eu/tincidunt/in.xml,2020-05-19T13:56:15Z
641,dgallehockhs,http://cnn.com/quam/fringilla/rhoncus/mauris/enim/leo/rhoncus.png,2020-07-27T17:54:46Z
642,mmabeeht,http://cargocollective.com/tempor/convallis/nulla.jsp,2020-07-03T23:48:53Z
643,mchretienhu,https://stanford.edu/amet.json,2021-01-11T11:05:18Z
644,sdurstonhv,http://dedecms.com/iaculis/diam.png,2020-10-08T02:03:55Z
645,mruddinhw,https://themeforest.net/magna.aspx,2020-09-07T02:39:20Z
646,ljakobssonhx,https://amazon.de/consectetuer/eget/rutrum/at/lorem/integer/tincidunt.json,2020-11-22T16:01:10Z
647,ggermannhy,http://samsung.com/integer/pede/justo/lacinia/eget.jsp,2021-01-28T23:00:46Z
648,dreaneyhz,https://bandcamp.com/morbi/quis/tortor.js,2020-12-17T15:49:02Z
649,mreadingi0,http://virginia.edu/curabitur/gravida/nisi/at.jpg,2020-10-09T15:42:30Z
650,kberriballi1,https://hugedomains.com/ut/massa/quis/augue/luctus/tincidunt.aspx,2020-07-04T04:55:59Z
651,gnicollsi2,http://seattletimes.com/felis.js,2020-08-06T22:21:14Z
652,scoppinsi3,http://icio.us/diam/neque/vestibulum/eget/vulputate/ut.jsp,2020-03-10T21:15:43Z
653,dtowsi4,http://1und1.de/augue/aliquam/erat.aspx,2020-09-15T14:44:49Z
654,ndowkeri5,https://w3.org/vel/est/donec/odio/justo/sollicitudin/ut.png,2020-12-23T14:07:59Z
655,htrippi6,http://google.com.br/mattis/odio/donec.jpg,2020-10-31T20:14:06Z
656,dpoonei7,https://xinhuanet.com/vestibulum/ante/ipsum/primis/in/faucibus/orci.json,2020-12-17T11:03:57Z
657,cquinnellyi8,https://stanford.edu/aenean/auctor/gravida/sem/praesent/id.js,2021-02-23T07:11:47Z
658,gsaulteri9,http://about.com/nullam/varius/nulla/facilisi/cras.jsp,2020-11-14T20:24:21Z
659,gwentia,https://shareasale.com/nunc/nisl/duis.xml,2020-07-24T13:10:56Z
660,ldikelinib,http://weather.com/quam/sollicitudin/vitae/consectetuer/eget/rutrum/at.aspx,2020-11-16T01:16:56Z
661,mmingardic,https://ihg.com/purus/sit/amet/nulla/quisque/arcu/libero.png,2020-06-15T23:20:54Z
662,ebaughanid,https://joomla.org/justo/in.js,2020-11-02T03:34:50Z
663,lendricciie,https://wikimedia.org/tempus.jpg,2021-02-21T02:11:42Z
664,hkeatsif,http://nydailynews.com/at/nibh/in.xml,2020-12-17T05:13:28Z
665,rbryanig,https://pinterest.com/laoreet/ut/rhoncus.xml,2020-04-06T06:39:59Z
666,cdrewellih,http://yahoo.co.jp/sapien/in/sapien/iaculis.html,2020-08-18T23:28:15Z
667,ctomblingii,https://wufoo.com/elementum/in/hac/habitasse/platea.xml,2020-06-23T18:08:50Z
668,jmusselwhiteij,http://freewebs.com/porta/volutpat/erat/quisque/erat.jpg,2020-11-04T04:40:47Z
669,iogleasaneik,https://devhub.com/congue/risus/semper.jsp,2020-04-28T10:16:20Z
670,dkirkbrightil,http://arizona.edu/pulvinar/sed/nisl/nunc/rhoncus/dui.png,2020-03-16T18:42:52Z
671,iphilottim,http://examiner.com/proin/leo/odio.aspx,2021-01-16T11:00:08Z
672,tgatusin,http://cmu.edu/aliquet/maecenas/leo/odio.aspx,2020-04-03T18:58:52Z
673,kdikeio,http://sciencedaily.com/in/ante.json,2020-03-21T21:52:04Z
674,kfoadip,http://gmpg.org/lacinia/nisi/venenatis/tristique/fusce/congue.jpg,2020-09-23T07:46:50Z
675,akennawayiq,http://slate.com/at/lorem/integer/tincidunt/ante.png,2020-09-12T08:43:21Z
676,dailmerir,http://blinklist.com/nec/condimentum/neque/sapien/placerat/ante/nulla.xml,2020-03-19T10:52:14Z
677,ggilhouleyis,http://epa.gov/consectetuer/eget/rutrum/at/lorem/integer.aspx,2020-06-24T20:25:15Z
678,lascheit,https://printfriendly.com/donec/odio/justo/sollicitudin/ut.png,2020-07-02T00:21:03Z
679,mcianiiu,https://chicagotribune.com/nec/dui/luctus/rutrum/nulla/tellus.json,2020-09-13T20:37:16Z
680,lhornbuckleiv,https://arstechnica.com/interdum/mauris.html,2020-07-13T13:11:42Z
681,rsamudioiw,http://tuttocitta.it/quam/fringilla/rhoncus.jsp,2020-05-02T22:02:41Z
682,atoorix,https://merriam-webster.com/venenatis/turpis/enim/blandit/mi/in/porttitor.json,2021-02-02T11:34:23Z
683,tbreznoviciy,http://redcross.org/tellus/nisi/eu/orci/mauris.aspx,2021-02-21T09:14:49Z
684,hgilloniz,https://godaddy.com/nulla/tellus/in.jsp,2020-06-07T16:53:17Z
685,slappinej0,http://angelfire.com/semper/rutrum/nulla/nunc/purus/phasellus.png,2020-09-12T18:05:07Z
686,shallowsj1,http://usnews.com/habitasse.png,2020-06-11T10:11:54Z
687,jorrumj2,https://tripod.com/quam/pharetra/magna.json,2020-08-31T15:22:01Z
688,ishenfischj3,http://gmpg.org/aliquam/augue/quam/sollicitudin/vitae/consectetuer/eget.png,2020-11-12T22:53:18Z
689,chatchettj4,http://goo.ne.jp/interdum/in.xml,2020-12-13T21:55:26Z
690,aashelfordj5,https://edublogs.org/ipsum/primis/in/faucibus/orci.png,2020-10-15T05:44:30Z
691,bpimlettj6,http://miibeian.gov.cn/tristique/tortor/eu/pede.html,2021-01-10T06:22:26Z
692,praithbyj7,https://nba.com/neque/vestibulum/eget/vulputate/ut/ultrices/vel.js,2020-08-17T23:28:24Z
693,rwithefordj8,https://unesco.org/ornare/imperdiet.xml,2020-08-13T14:50:21Z
694,cpouckj9,https://unblog.fr/tortor/risus/dapibus/augue/vel/accumsan/tellus.json,2021-02-09T22:19:52Z
695,bkunzlerja,https://123-reg.co.uk/sit/amet/turpis.png,2020-06-01T11:55:33Z
696,gforsardjb,http://blogs.com/libero.aspx,2020-11-20T09:45:25Z
697,eperullijc,http://wisc.edu/a.aspx,2020-06-02T21:45:43Z
698,rmanginjd,https://marketwatch.com/quam/a/odio/in/hac/habitasse.jsp,2020-07-21T10:16:24Z
699,gsedgemoreje,http://symantec.com/dui/proin/leo/odio/porttitor.html,2020-07-24T11:18:00Z
700,cdigiorgiojf,http://seattletimes.com/facilisi/cras/non.js,2021-01-21T18:56:19Z
701,ahaileyjg,https://statcounter.com/pulvinar/nulla/pede/ullamcorper/augue/a.aspx,2020-06-21T10:51:02Z
702,asurrjh,http://webeden.co.uk/maecenas/tincidunt/lacus.png,2020-10-23T06:44:24Z
703,singreyji,http://omniture.com/curae/duis/faucibus/accumsan/odio/curabitur.html,2020-06-12T08:10:47Z
704,egorglerjj,https://intel.com/iaculis/diam/erat/fermentum.jsp,2020-07-13T15:46:57Z
705,gastelljk,https://sbwire.com/consectetuer/eget/rutrum/at/lorem.html,2020-08-27T03:59:22Z
706,chydejl,http://unc.edu/gravida/nisi/at/nibh/in.jpg,2020-08-09T09:32:39Z
707,akunischjm,http://furl.net/felis/ut/at/dolor.js,2020-05-05T23:38:13Z
708,rswailejn,https://bing.com/elit/sodales/scelerisque/mauris/sit.png,2020-06-15T09:00:08Z
709,rfearnsjo,http://barnesandnoble.com/rutrum/nulla/nunc/purus.jsp,2020-06-30T19:56:56Z
710,ggiggjp,http://illinois.edu/sed/lacus/morbi/sem/mauris.jpg,2020-06-08T03:31:09Z
711,komullallyjq,http://taobao.com/nunc/commodo.js,2020-09-18T15:02:45Z
712,gklulikjr,https://phpbb.com/magnis/dis/parturient/montes/nascetur/ridiculus/mus.aspx,2021-01-25T17:02:14Z
713,espringthorpjs,http://free.fr/odio/in/hac/habitasse/platea/dictumst.jsp,2020-06-29T23:26:59Z
714,tbanfilljt,https://free.fr/pede/malesuada/in/imperdiet/et.jpg,2020-11-15T22:41:40Z
715,aknotteju,https://abc.net.au/interdum/mauris/non/ligula/pellentesque.jpg,2020-07-29T14:40:20Z
716,cescalejv,http://merriam-webster.com/justo/eu/massa.json,2020-12-24T10:34:24Z
717,ckillimisterjw,https://sitemeter.com/convallis/nulla/neque.json,2020-04-29T12:14:32Z
718,cbrightiejx,http://nhs.uk/eleifend/donec/ut/dolor.aspx,2020-11-15T07:55:07Z
719,dmartyntsevjy,https://jiathis.com/dolor/quis/odio/consequat/varius/integer.png,2020-12-15T12:54:50Z
720,mfieldsjz,https://github.com/nullam/varius.jpg,2020-11-09T14:33:11Z
721,aclaessensk0,https://printfriendly.com/ultrices/libero/non/mattis/pulvinar/nulla.html,2020-05-03T12:22:13Z
722,mswattenk1,http://independent.co.uk/nibh/in/lectus/pellentesque/at/nulla/suspendisse.aspx,2020-10-08T05:28:34Z
723,dstreaterk2,https://dropbox.com/non/sodales/sed/tincidunt/eu/felis/fusce.json,2020-07-14T03:17:14Z
724,simbreyk3,http://google.it/amet/eleifend/pede/libero.json,2020-05-20T07:37:17Z
725,jbennettk4,https://rediff.com/interdum/eu/tincidunt/in/leo/maecenas.js,2020-06-03T05:06:30Z
726,skirsteink5,http://google.it/libero.xml,2021-03-06T12:10:39Z
727,ttophamk6,https://patch.com/vivamus/vestibulum.aspx,2020-10-01T07:32:13Z
728,fkeeblek7,https://ovh.net/sed/accumsan/felis.js,2020-09-29T16:30:48Z
729,chunek8,https://elpais.com/nibh/fusce/lacus/purus/aliquet/at.jsp,2021-02-21T09:58:40Z
730,kcleynaertk9,https://multiply.com/eros/elementum/pellentesque/quisque/porta/volutpat/erat.aspx,2020-12-25T03:04:11Z
731,mmatuszynskika,http://prlog.org/velit/id/pretium/iaculis.jsp,2020-05-06T15:31:02Z
732,rtooheykb,http://stumbleupon.com/justo/etiam/pretium/iaculis/justo/in.jsp,2020-12-06T23:45:01Z
733,hransomekc,https://sbwire.com/venenatis/turpis.json,2020-06-06T09:21:52Z
734,edeamkd,https://oakley.com/massa/quis/augue.jpg,2021-01-16T13:12:15Z
735,abraniganke,https://paginegialle.it/morbi/porttitor/lorem/id/ligula/suspendisse/ornare.png,2020-10-22T18:01:47Z
736,oplankkf,http://dailymotion.com/lorem/quisque.json,2020-04-25T02:11:10Z
737,afloyedkg,http://omniture.com/consectetuer/eget/rutrum/at.json,2020-07-22T14:14:25Z
738,sguichardkh,http://springer.com/mus/vivamus/vestibulum/sagittis/sapien.aspx,2020-03-15T06:36:59Z
739,eairtonki,http://rediff.com/vivamus/vel/nulla/eget/eros.xml,2020-03-22T20:37:58Z
740,kachurchkj,http://usatoday.com/mollis/molestie/lorem/quisque/ut/erat.json,2020-11-24T19:02:59Z
741,msnowkk,https://myspace.com/vulputate.aspx,2020-11-03T10:19:54Z
742,bfranceskl,https://umn.edu/eu/orci/mauris/lacinia.aspx,2020-11-03T15:34:51Z
743,aschiesterlkm,http://mapquest.com/nulla/suscipit/ligula/in.html,2020-06-02T16:36:15Z
744,tkilgannonkn,http://google.co.uk/lacus/morbi.html,2020-08-01T16:55:28Z
745,mmendoncako,http://bing.com/leo/rhoncus/sed.aspx,2020-03-17T03:45:45Z
746,gchamberskp,http://ca.gov/ante/vel/ipsum/praesent/blandit.json,2020-08-15T02:25:57Z
747,bflookskq,https://shop-pro.jp/consequat/ut.jsp,2020-12-09T07:27:08Z
748,ebigglestonekr,https://ibm.com/eleifend.png,2020-08-13T09:46:01Z
749,kblackebyks,http://sohu.com/amet/nulla.js,2020-10-07T11:54:09Z
750,neathornekt,https://japanpost.jp/cum/sociis.aspx,2021-03-02T14:31:15Z
751,cbelchamku,https://t-online.de/eleifend/pede/libero/quis/orci/nullam.js,2020-07-19T00:46:46Z
752,lbastockkv,http://cdc.gov/molestie/sed/justo.html,2021-01-01T04:54:47Z
753,nquestierkw,http://elegantthemes.com/non/velit/nec/nisi/vulputate/nonummy.jsp,2020-12-19T11:07:44Z
754,tbignallkx,https://ihg.com/et/eros/vestibulum/ac.jsp,2020-07-30T09:03:27Z
755,cbrestonky,http://digg.com/hac/habitasse/platea/dictumst/morbi/vestibulum.xml,2020-11-27T16:57:05Z
756,lhamekz,http://ow.ly/nisi/vulputate.js,2020-12-06T02:31:02Z
757,memanuelil0,https://4shared.com/mattis/pulvinar/nulla.jpg,2020-03-22T08:15:22Z
758,hhrachovecl1,http://mashable.com/aenean/lectus/pellentesque/eget/nunc/donec.json,2020-09-08T02:24:57Z
759,swilbyl2,https://is.gd/luctus/et/ultrices/posuere.html,2020-08-14T06:17:50Z
760,mbooseyl3,https://typepad.com/sapien.png,2020-06-03T19:54:55Z
761,rmapstonl4,http://biglobe.ne.jp/cubilia/curae.json,2020-09-27T03:52:22Z
762,plouisetl5,http://hhs.gov/platea/dictumst/morbi/vestibulum/velit/id.json,2020-05-12T05:17:56Z
763,khammentsl6,https://yandex.ru/lacus/purus.png,2020-11-23T18:29:11Z
764,gkelbermanl7,http://deviantart.com/donec/odio/justo/sollicitudin.js,2020-08-16T23:13:34Z
765,lkinnenl8,https://1und1.de/suspendisse/potenti/nullam.aspx,2020-12-15T00:34:36Z
766,ppiatekl9,https://vk.com/eget/orci/vehicula.js,2020-09-23T12:23:22Z
767,vbriskerla,http://blogs.com/nunc.js,2020-06-03T03:25:09Z
768,anelthorpelb,http://fotki.com/eu/mi/nulla/ac/enim.json,2021-02-20T16:38:24Z
769,shubblelc,http://illinois.edu/posuere/felis/sed.png,2021-01-12T02:36:03Z
770,rroulstonld,https://51.la/in.aspx,2021-01-21T15:45:05Z
771,sosoriole,https://cafepress.com/volutpat/dui/maecenas/tristique/est/et.xml,2021-03-03T21:34:38Z
772,wselmanlf,https://redcross.org/vivamus/tortor/duis/mattis/egestas/metus.aspx,2020-11-08T21:30:53Z
773,jhelsdonlg,https://telegraph.co.uk/aliquet/pulvinar/sed/nisl/nunc/rhoncus/dui.aspx,2020-04-13T17:59:39Z
774,wcrottaghlh,http://cdbaby.com/euismod/scelerisque/quam.html,2020-05-04T07:29:50Z
775,aluebbertli,https://gizmodo.com/tempor/convallis/nulla/neque.xml,2020-05-04T19:02:36Z
776,mcorbittlj,http://biglobe.ne.jp/vestibulum/ante/ipsum.png,2021-03-03T03:56:41Z
777,bpailinlk,https://japanpost.jp/nam/congue/risus/semper/porta.js,2020-10-06T04:37:11Z
778,aharefootll,http://stanford.edu/sapien/sapien/non.jpg,2020-03-17T22:08:23Z
779,mcrowdylm,https://clickbank.net/vitae/mattis/nibh/ligula.aspx,2020-04-10T05:22:40Z
780,bdrinkeldln,http://moonfruit.com/augue.png,2020-12-28T05:18:15Z
781,aducarello,https://plala.or.jp/vehicula/consequat.xml,2020-07-11T21:57:16Z
782,tfilkovlp,http://blinklist.com/proin/at/turpis/a.aspx,2020-06-01T22:54:12Z
783,lrampleylq,http://state.tx.us/eget.xml,2020-04-25T05:44:00Z
784,jilievelr,http://boston.com/molestie/lorem/quisque/ut/erat/curabitur/gravida.jpg,2020-05-08T14:58:16Z
785,lcarlylels,http://biglobe.ne.jp/vel.jsp,2020-12-22T21:21:28Z
786,waddekinlt,https://miitbeian.gov.cn/id/ligula/suspendisse/ornare/consequat.jsp,2020-04-15T11:36:02Z
787,acastelynlu,https://businesswire.com/eleifend/pede.jsp,2020-10-09T08:23:22Z
788,banfossolv,http://alexa.com/venenatis/non/sodales/sed.js,2020-09-09T11:54:48Z
789,tbeltonlw,https://zdnet.com/ante/ipsum/primis/in/faucibus/orci/luctus.png,2021-02-03T01:55:57Z
790,ahunterlx,https://blinklist.com/varius/nulla/facilisi/cras/non/velit/nec.jpg,2020-09-27T01:56:57Z
791,adebenedictisly,http://spotify.com/augue/aliquam/erat/volutpat/in/congue/etiam.jpg,2020-12-28T09:18:10Z
792,csymoneslz,http://taobao.com/ante.png,2020-08-08T23:52:58Z
793,sduredenm0,http://parallels.com/consequat/metus/sapien/ut.xml,2020-05-06T07:58:50Z
794,kdemezam1,https://gnu.org/id.jpg,2021-02-12T09:55:42Z
795,jovernellm2,https://archive.org/ultrices/posuere/cubilia/curae/mauris.xml,2021-02-23T03:30:36Z
796,vlivseym3,https://fc2.com/justo/nec/condimentum/neque/sapien/placerat.png,2020-10-02T08:15:06Z
797,cswettm4,https://reuters.com/dictumst/maecenas/ut/massa/quis/augue.jsp,2021-02-20T04:01:13Z
798,deasunm5,http://example.com/nulla/quisque.html,2020-07-04T16:58:12Z
799,rkinghornem6,https://booking.com/metus/vitae/ipsum/aliquam/non/mauris.jpg,2020-04-18T03:07:18Z
800,gcattlowm7,https://newyorker.com/condimentum/id/luctus/nec/molestie.xml,2020-12-15T14:39:28Z
801,ptaylom8,http://goodreads.com/parturient/montes/nascetur/ridiculus/mus.png,2020-06-28T07:20:29Z
802,jtallm9,https://dyndns.org/luctus/rutrum/nulla/tellus/in/sagittis/dui.html,2021-01-31T22:43:41Z
803,cmushetma,http://bandcamp.com/non/mauris/morbi/non/lectus/aliquam.js,2020-12-25T05:31:31Z
804,dvinesmb,https://google.de/nulla/tempus/vivamus/in/felis/eu.xml,2020-09-19T15:49:56Z
805,etommasimc,https://arstechnica.com/dui/luctus/rutrum/nulla.js,2021-01-02T16:42:16Z
806,ykenneymd,https://lycos.com/ultrices/enim/lorem/ipsum/dolor/sit.jpg,2020-04-26T07:50:01Z
807,ndaughtryme,https://furl.net/duis/mattis/egestas.jsp,2020-08-12T18:31:48Z
808,gscurreymf,http://vistaprint.com/ante/ipsum/primis/in/faucibus/orci/luctus.xml,2020-04-02T07:57:08Z
809,coffieldmg,https://reference.com/dapibus/dolor/vel/est/donec/odio.html,2020-09-17T06:59:44Z
810,liannuzzimh,http://reference.com/enim/sit/amet.jsp,2020-08-31T10:29:00Z
811,ttitterellmi,https://un.org/augue/vestibulum/rutrum/rutrum.html,2021-02-25T04:27:23Z
812,rridenmj,http://purevolume.com/non.html,2020-09-02T01:23:20Z
813,wtumininimk,https://illinois.edu/in/imperdiet/et/commodo/vulputate/justo.js,2020-11-09T13:44:18Z
814,rnorwoodml,https://cocolog-nifty.com/scelerisque/quam/turpis/adipiscing.jpg,2020-09-15T06:38:21Z
815,jogianymm,https://webs.com/non/mi/integer/ac.js,2020-06-19T06:47:22Z
816,cjessopmn,http://weather.com/ac/neque/duis.jsp,2020-06-12T13:56:26Z
817,mbulstrodemo,http://friendfeed.com/lacinia/eget/tincidunt/eget.png,2020-04-26T03:23:17Z
818,leggletonmp,https://washingtonpost.com/dui/luctus/rutrum/nulla/tellus/in/sagittis.html,2020-05-21T08:15:47Z
819,cgoeringmq,http://time.com/nam/congue/risus.jsp,2020-10-02T19:57:37Z
820,jossipenkomr,https://liveinternet.ru/ullamcorper/augue/a.js,2020-10-11T22:25:03Z
821,gtremethackms,http://cpanel.net/quisque/arcu/libero.json,2020-11-09T01:22:17Z
822,ghebermt,http://t.co/nec/molestie.jsp,2020-03-26T23:36:07Z
823,ipiegromemu,http://oracle.com/et/tempus/semper/est/quam.jpg,2020-09-28T18:10:27Z
824,srainsdonmv,https://foxnews.com/aliquam/non.xml,2021-02-08T21:41:59Z
825,sbinnemw,http://usnews.com/ante/ipsum/primis.jpg,2020-07-31T20:55:44Z
826,hlambiemx,http://boston.com/nibh.aspx,2020-06-25T12:56:33Z
827,norrmy,http://epa.gov/justo/aliquam/quis.jpg,2020-05-12T21:22:09Z
828,cgibbonmz,https://psu.edu/odio.js,2020-11-18T10:06:15Z
829,arowdenn0,http://vinaora.com/non/velit/donec/diam/neque/vestibulum/eget.jsp,2020-05-07T14:46:57Z
830,ageocklen1,http://free.fr/ultrices/mattis/odio/donec/vitae/nisi.xml,2020-12-07T01:52:13Z
831,szuanellin2,https://sourceforge.net/consequat/lectus/in/est/risus/auctor/sed.jsp,2020-05-17T06:26:40Z
832,rgateleyn3,https://youtube.com/donec/ut/dolor/morbi/vel/lectus.jpg,2021-03-03T11:10:00Z
833,bjesticon4,http://adobe.com/mauris/sit/amet/eros/suspendisse/accumsan.js,2020-09-17T15:46:58Z
834,rschreursn5,http://hubpages.com/velit/vivamus/vel/nulla/eget.jsp,2020-06-18T15:58:28Z
835,mpellingarn6,https://alibaba.com/arcu/libero/rutrum/ac/lobortis/vel.jsp,2020-11-14T07:00:04Z
836,jvanzonn7,http://chicagotribune.com/at/nibh.aspx,2020-06-12T22:17:17Z
837,hstenhousen8,http://ihg.com/rutrum/nulla/tellus/in/sagittis.json,2020-11-01T16:00:10Z
838,fwhittlen9,https://issuu.com/orci.json,2020-08-01T16:51:31Z
839,cskellenna,https://alexa.com/sapien/arcu/sed/augue/aliquam.json,2020-04-14T13:10:17Z
840,dgoldsburynb,http://slashdot.org/at/velit/vivamus/vel/nulla/eget/eros.js,2020-10-03T07:49:42Z
841,dgallihaulknc,http://amazon.de/hendrerit/at.json,2021-01-30T00:18:25Z
842,ojahernd,https://dailymotion.com/semper/sapien/a/libero/nam/dui/proin.png,2020-07-18T09:58:37Z
843,rboydne,https://merriam-webster.com/id/nulla.html,2021-01-19T16:23:24Z
844,arawlinsnf,http://360.cn/mauris/viverra/diam.json,2021-02-12T21:50:50Z
845,hjaszczakng,https://microsoft.com/in/libero/ut/massa.jpg,2020-08-06T06:59:07Z
846,aparminternh,https://indiatimes.com/sed.png,2020-12-18T03:58:40Z
847,ktrymmeni,https://artisteer.com/praesent/blandit/nam/nulla/integer/pede.jsp,2020-12-04T08:21:05Z
848,nolexanj,https://fema.gov/platea/dictumst/etiam/faucibus/cursus/urna/ut.jpg,2020-06-05T21:28:33Z
849,dverlindenk,https://t-online.de/faucibus/orci/luctus/et/ultrices/posuere.png,2021-01-27T20:35:51Z
850,vkezarnl,http://pbs.org/dui.html,2020-08-04T01:28:22Z
851,druffnm,https://cnet.com/magna.jsp,2020-06-17T13:27:28Z
852,dtomalann,https://columbia.edu/amet/lobortis/sapien.html,2020-06-28T14:38:18Z
853,apavolinino,http://ted.com/iaculis/justo.png,2021-01-26T04:06:41Z
854,sfritchleynp,https://nymag.com/platea/dictumst/morbi/vestibulum/velit/id/pretium.html,2020-09-18T09:08:37Z
855,bstrugnellnq,https://so-net.ne.jp/felis/ut.aspx,2020-08-21T05:12:13Z
856,ablanquenr,http://sfgate.com/nunc/proin/at/turpis/a/pede/posuere.jsp,2020-12-27T11:49:23Z
857,ddericutns,http://sciencedaily.com/ut/nunc.jpg,2020-04-06T11:19:15Z
858,fsaladinnt,http://gizmodo.com/sodales/sed/tincidunt/eu/felis/fusce/posuere.png,2020-09-05T14:45:30Z
859,nlufkinnu,https://i2i.jp/suscipit.png,2020-05-24T11:36:18Z
860,aspellesynv,http://topsy.com/sit/amet.jpg,2020-11-01T06:34:57Z
861,abeevisnw,http://soup.io/amet/consectetuer/adipiscing/elit/proin/interdum.html,2020-06-23T20:08:26Z
862,doakinfoldnx,http://soundcloud.com/nulla/neque/libero.jpg,2020-03-20T08:42:37Z
863,dlambournny,https://google.co.uk/cras/mi/pede/malesuada.js,2020-08-06T20:32:39Z
864,ehaselynz,http://ocn.ne.jp/tortor/quis.html,2020-06-23T12:37:49Z
865,gkingswoodo0,https://wufoo.com/aliquet/ultrices/erat/tortor.jpg,2020-09-08T04:53:56Z
866,alimono1,https://technorati.com/pellentesque/ultrices/mattis/odio/donec/vitae/nisi.aspx,2020-09-04T12:46:12Z
867,sscathardo2,http://instagram.com/varius/integer/ac/leo/pellentesque/ultrices/mattis.xml,2020-07-18T16:40:16Z
868,bscougalo3,http://theglobeandmail.com/posuere/nonummy/integer/non.xml,2020-04-22T12:46:58Z
869,jsomerfieldo4,https://omniture.com/scelerisque/quam/turpis/adipiscing.html,2020-11-03T08:01:52Z
870,bsemono5,http://un.org/ligula.aspx,2020-04-09T10:06:52Z
871,ikhano6,https://unesco.org/congue/eget/semper/rutrum/nulla.aspx,2021-01-15T07:18:59Z
872,orestieauxo7,http://cnbc.com/aliquam.aspx,2020-08-27T20:14:30Z
873,cpilpovico8,https://trellian.com/ut.html,2020-06-22T18:04:26Z
874,kbletchero9,http://over-blog.com/fringilla.html,2020-11-18T08:26:14Z
875,nmollindiniaoa,http://bandcamp.com/nulla.json,2020-04-10T11:16:34Z
876,kchattersob,http://gizmodo.com/consequat/nulla/nisl/nunc.js,2020-05-03T08:03:17Z
877,clanahanoc,http://diigo.com/primis/in/faucibus.png,2020-07-18T08:56:54Z
878,gaudibertod,https://businessinsider.com/integer.png,2020-06-19T11:14:58Z
879,chaydonoe,https://statcounter.com/in/tempus/sit/amet/sem/fusce/consequat.jsp,2020-12-11T16:34:14Z
880,garrighettiof,http://sakura.ne.jp/tristique/tortor/eu/pede.html,2020-11-29T12:03:39Z
881,jbelvardog,http://vimeo.com/varius/ut.jpg,2021-01-13T02:05:00Z
882,mbriskeyoh,http://independent.co.uk/cubilia/curae/mauris/viverra/diam.jsp,2021-01-07T21:53:25Z
883,knicholasoi,https://sciencedirect.com/ultrices/mattis/odio/donec/vitae/nisi/nam.js,2020-07-13T13:00:12Z
884,mjoyceoj,http://uol.com.br/pellentesque/ultrices/mattis/odio.jsp,2021-02-10T16:55:02Z
885,jsallingerok,https://google.com.au/non/quam/nec/dui.jsp,2020-07-29T06:05:31Z
886,gmcvanamyol,http://cyberchimps.com/in/hac/habitasse/platea/dictumst/morbi/vestibulum.png,2020-10-26T08:14:52Z
887,twitherbedom,https://elegantthemes.com/donec/quis.html,2021-02-15T06:47:48Z
888,ccaudelieron,https://oracle.com/condimentum/id/luctus/nec/molestie/sed.xml,2021-01-16T08:40:16Z
889,rkellawayoo,http://epa.gov/diam/cras/pellentesque/volutpat.png,2020-06-09T21:47:34Z
890,bridolfiop,http://wordpress.com/adipiscing/lorem/vitae/mattis/nibh/ligula/nec.json,2020-03-20T22:24:08Z
891,sdarlowoq,http://spotify.com/morbi/non.html,2020-06-07T17:11:08Z
892,gcantillionor,https://t-online.de/erat/eros/viverra/eget/congue/eget.jsp,2020-10-31T13:40:45Z
893,gvaulkhardos,http://techcrunch.com/nulla/ultrices/aliquet/maecenas/leo.js,2020-10-27T21:23:32Z
894,sscaddenot,https://cloudflare.com/purus/sit/amet/nulla/quisque.xml,2020-07-28T22:07:15Z
895,nhaydnou,http://house.gov/orci/luctus/et.aspx,2020-08-27T04:17:26Z
896,kbenedttiov,http://elegantthemes.com/sed/justo/pellentesque.js,2020-10-16T20:58:08Z
897,cjarvilleow,https://jugem.jp/consequat/lectus/in/est.json,2020-09-24T02:51:01Z
898,pmainlandox,https://globo.com/elit/proin/interdum.html,2020-04-17T16:54:11Z
899,stourmelloy,https://scribd.com/cubilia/curae/mauris/viverra/diam.png,2020-05-27T15:12:10Z
900,rdanielioz,http://networkadvertising.org/cubilia/curae/donec.jpg,2020-08-07T10:49:58Z
901,eiddonsp0,https://bloomberg.com/donec/vitae/nisi/nam/ultrices/libero/non.xml,2020-09-08T14:25:00Z
902,vgerrensp1,https://economist.com/at/nulla/suspendisse/potenti/cras.html,2020-12-25T05:10:28Z
903,nalfordp2,https://mapy.cz/quisque/porta/volutpat/erat/quisque.png,2021-01-25T17:19:23Z
904,twiburnp3,http://wufoo.com/elit/sodales/scelerisque/mauris/sit/amet.jsp,2020-09-14T09:37:24Z
905,mbeaneyp4,https://salon.com/justo/lacinia/eget/tincidunt/eget.xml,2020-07-25T14:39:39Z
906,tmilnep5,http://addtoany.com/proin/at/turpis/a.json,2020-12-10T09:31:29Z
907,wtolfreyp6,https://chronoengine.com/pede/venenatis/non/sodales/sed.js,2020-05-29T03:57:55Z
908,amivalp7,http://mac.com/risus/semper/porta/volutpat/quam/pede/lobortis.png,2020-04-07T02:23:52Z
909,kfikep8,https://zimbio.com/volutpat/eleifend/donec/ut/dolor/morbi/vel.json,2020-08-18T04:50:34Z
910,gbigbyp9,http://ca.gov/eu/mi/nulla/ac/enim.html,2020-08-08T09:37:10Z
911,fchurchespa,http://yolasite.com/diam/vitae/quam/suspendisse/potenti.jsp,2020-11-23T12:02:31Z
912,gspeakpb,http://aol.com/felis/ut/at/dolor/quis/odio.xml,2020-05-13T02:37:58Z
913,pstanistreetpc,https://ca.gov/lectus/vestibulum.aspx,2020-04-24T04:00:46Z
914,odruganpd,https://woothemes.com/volutpat/quam/pede.png,2020-06-10T07:03:21Z
915,kproschkepe,http://cyberchimps.com/duis/faucibus/accumsan/odio/curabitur/convallis/duis.xml,2020-07-31T20:42:40Z
916,tmunnspf,https://auda.org.au/dui/vel.png,2020-08-25T06:08:03Z
917,cgreenrdepg,http://ning.com/dictumst.jpg,2020-07-21T02:33:16Z
918,gelksph,https://etsy.com/semper/interdum/mauris.aspx,2020-09-27T08:22:56Z
919,ncadlockpi,https://flavors.me/dapibus/dolor/vel/est.png,2021-02-07T06:16:26Z
920,msabattierpj,http://uiuc.edu/eget/tempus/vel/pede/morbi.json,2020-10-27T11:54:29Z
921,shearndenpk,http://unicef.org/sit/amet/eros/suspendisse/accumsan.html,2020-06-29T01:11:59Z
922,tmehaffeypl,http://digg.com/natoque/penatibus/et.js,2020-12-31T05:51:45Z
923,triddockpm,http://friendfeed.com/at/nibh.html,2021-03-07T13:04:51Z
924,cgrindellpn,http://reddit.com/vulputate.png,2020-08-02T14:33:59Z
925,mkearfordpo,http://jalbum.net/rutrum/at/lorem.jsp,2021-02-17T12:27:44Z
926,sshimonpp,https://sitemeter.com/eget/rutrum/at/lorem.jpg,2020-05-30T07:24:51Z
927,mmattespq,https://prnewswire.com/nam/dui/proin/leo/odio/porttitor/id.json,2020-10-07T08:30:23Z
928,mdandopr,http://netscape.com/adipiscing/lorem.js,2020-06-11T04:52:30Z
929,ibozworthps,http://uol.com.br/morbi/ut/odio.png,2020-09-17T10:12:51Z
930,tkittoept,https://deviantart.com/eget/orci/vehicula.jsp,2020-08-19T04:32:19Z
931,vbarenskypu,http://archive.org/nulla/nisl/nunc/nisl.js,2020-09-03T15:09:55Z
932,adrohunpv,http://walmart.com/pulvinar/nulla/pede/ullamcorper/augue/a/suscipit.js,2020-07-18T02:24:23Z
933,bwixonpw,https://intel.com/orci/mauris/lacinia/sapien/quis.aspx,2020-09-02T06:58:32Z
934,emapstonepx,https://tripadvisor.com/semper/porta/volutpat/quam/pede/lobortis.aspx,2020-06-22T19:13:43Z
935,dpenningspy,https://ucoz.ru/adipiscing/elit.js,2020-10-06T06:39:16Z
936,dbeeverpz,http://bbb.org/eu/orci/mauris/lacinia/sapien.jpg,2021-01-05T02:03:43Z
937,ppierpointq0,https://pcworld.com/mus/etiam/vel/augue/vestibulum/rutrum/rutrum.xml,2020-03-17T09:15:51Z
938,uvondrasekq1,https://mysql.com/nisl/nunc/nisl/duis/bibendum.png,2020-09-02T17:02:12Z
939,peykelboschq2,https://smugmug.com/ipsum/integer/a/nibh/in/quis.js,2020-08-29T14:00:11Z
940,bcosteq3,https://tinyurl.com/odio/elementum.xml,2021-01-06T14:00:04Z
941,vdevoteq4,https://last.fm/quam/nec.xml,2020-06-10T22:26:39Z
942,gtarbinq5,http://last.fm/congue/etiam/justo.xml,2020-07-06T19:28:38Z
943,bpincottq6,http://theatlantic.com/proin/eu/mi/nulla/ac/enim/in.aspx,2020-12-04T18:05:33Z
944,hcrucesq7,http://stanford.edu/at/nunc.aspx,2020-09-14T17:04:05Z
945,tantosikq8,https://youku.com/eget.html,2020-03-23T12:09:43Z
946,ltoffoliniq9,http://addthis.com/sapien/a.png,2020-04-01T12:27:56Z
947,freilingqa,http://japanpost.jp/massa/quis/augue.html,2021-03-02T14:14:00Z
948,dhartiganqb,https://multiply.com/duis/mattis/egestas/metus/aenean/fermentum/donec.js,2020-06-03T19:33:32Z
949,gallixqc,http://utexas.edu/ut/mauris/eget/massa.json,2021-02-13T19:10:33Z
950,jzellnerqd,https://hubpages.com/venenatis/turpis/enim/blandit/mi.png,2020-12-08T22:39:16Z
951,ycanarioqe,http://rakuten.co.jp/augue/luctus/tincidunt/nulla/mollis/molestie/lorem.aspx,2020-08-05T05:55:30Z
952,gmorchqf,https://unblog.fr/scelerisque/mauris/sit/amet/eros/suspendisse/accumsan.html,2021-03-01T07:41:16Z
953,bwaslingqg,http://163.com/massa/quis.xml,2020-08-22T09:39:32Z
954,fcouvesqh,http://si.edu/vitae/nisl/aenean/lectus/pellentesque.jsp,2021-03-09T22:21:56Z
955,glahiffqi,https://ifeng.com/enim/leo/rhoncus/sed/vestibulum/sit/amet.xml,2020-06-15T05:16:24Z
956,ssoaneqj,https://dailymail.co.uk/nulla/neque/libero.html,2020-08-28T00:18:24Z
957,bskocroftqk,http://google.fr/pede.html,2020-05-01T23:38:30Z
958,rcatonnetql,https://google.ca/semper/porta/volutpat/quam/pede/lobortis/ligula.js,2020-07-07T19:26:50Z
959,rgrenshieldsqm,https://blogtalkradio.com/mattis/egestas/metus/aenean.png,2020-03-14T23:18:44Z
960,abyronqn,http://hao123.com/leo/maecenas/pulvinar/lobortis/est/phasellus.json,2020-06-19T01:40:41Z
961,khunsworthqo,https://taobao.com/tincidunt/eget/tempus.js,2020-12-14T16:40:22Z
962,gmacgillivrayqp,https://fda.gov/id/mauris/vulputate/elementum/nullam/varius/nulla.xml,2020-10-20T23:30:15Z
963,eschwandermannqq,https://si.edu/ante/ipsum/primis/in/faucibus/orci/luctus.png,2020-10-12T00:38:12Z
964,bjeroschqr,https://woothemes.com/ipsum/primis/in/faucibus.aspx,2020-03-18T08:53:11Z
965,hmarleyqs,https://ameblo.jp/scelerisque/mauris/sit.xml,2021-03-08T20:10:41Z
966,pdourinqt,http://i2i.jp/mauris/eget/massa/tempor.jpg,2020-08-04T20:47:54Z
967,jfilipchikovqu,http://tripod.com/sed/tristique/in/tempus/sit.xml,2020-08-14T11:13:39Z
968,palliboneqv,http://instagram.com/diam/vitae/quam/suspendisse.png,2021-01-24T02:54:12Z
969,agortonqw,http://technorati.com/duis.xml,2020-06-14T11:38:27Z
970,lcanningsqx,https://facebook.com/lacus/curabitur/at.aspx,2020-10-09T04:00:29Z
971,mcicchelliqy,http://trellian.com/lobortis/convallis.aspx,2020-08-10T10:03:48Z
972,bfraylingqz,http://ezinearticles.com/a/nibh/in/quis/justo/maecenas/rhoncus.js,2020-10-04T19:16:34Z
973,jcornsr0,http://deviantart.com/viverra/diam/vitae/quam/suspendisse.js,2020-07-10T22:13:51Z
974,jbibbier1,https://comcast.net/amet/cursus/id/turpis/integer.jpg,2021-02-14T15:55:44Z
975,tdominichettir2,https://livejournal.com/dictumst/morbi/vestibulum/velit/id/pretium/iaculis.png,2020-07-20T16:46:01Z
976,ajoscelinr3,https://fastcompany.com/metus/sapien.png,2020-07-16T15:50:35Z
977,hcooringtonr4,https://icq.com/vitae.json,2020-06-24T02:52:25Z
978,ayeowellr5,https://princeton.edu/lobortis/convallis/tortor/risus/dapibus.json,2020-06-14T19:47:40Z
979,ypritchittr6,http://twitpic.com/malesuada.js,2020-08-14T20:33:23Z
980,llimbourner7,https://nytimes.com/nulla/pede/ullamcorper.html,2020-12-27T20:20:36Z
981,gsympsonr8,https://squarespace.com/lacinia/erat/vestibulum/sed/magna.js,2021-03-03T03:22:07Z
982,jsackerr9,http://phpbb.com/at/dolor/quis/odio/consequat/varius.json,2020-12-27T23:33:03Z
983,oellamsra,http://flickr.com/pellentesque/eget/nunc/donec/quis.png,2020-04-07T06:19:02Z
984,sdemeyerrb,http://symantec.com/eu/magna/vulputate/luctus/cum/sociis/natoque.png,2020-10-10T17:29:07Z
985,mkidrc,https://whitehouse.gov/duis.json,2021-02-14T12:19:10Z
986,gclewettrd,https://timesonline.co.uk/lobortis/sapien/sapien/non.jpg,2020-04-12T21:57:27Z
987,vredgrovere,http://oracle.com/nulla.js,2020-10-25T18:58:52Z
988,bheartfieldrf,https://godaddy.com/mauris/morbi/non/lectus.aspx,2020-09-21T05:37:00Z
989,nbasekrg,https://earthlink.net/nunc.json,2020-12-26T06:18:36Z
990,apoppletonrh,http://soup.io/morbi/odio.js,2020-12-23T05:17:17Z
991,fnickellri,https://nationalgeographic.com/vel/pede/morbi/porttitor/lorem.xml,2020-08-07T22:58:24Z
992,ddurbridgerj,http://nih.gov/sollicitudin/ut/suscipit/a.png,2020-12-12T16:21:05Z
993,ptarrierrk,http://usatoday.com/augue.xml,2020-04-25T11:15:53Z
994,bkippinsrl,http://soundcloud.com/nunc/proin.json,2020-08-27T20:39:15Z
995,gpottrm,https://altervista.org/fermentum.html,2020-04-09T20:11:00Z
996,mquadlingrn,https://nba.com/volutpat.html,2020-10-30T14:21:06Z
997,jmacbethro,https://mlb.com/proin/interdum/mauris/non.aspx,2020-12-08T07:33:46Z
998,wmacaindreisrp,https://geocities.jp/nulla/nisl/nunc/nisl.xml,2020-04-30T19:07:42Z
999,mpillmanrq,http://timesonline.co.uk/at/turpis/donec/posuere/metus/vitae/ipsum.html,2020-07-23T05:15:21Z
1000,dhawksworthrr,http://mozilla.org/sit/amet/eros.json,2020-05-20T07:40:05Z
